smiles,cid,Molecular_Weight,Hydrogen_bond_Acceptor,Hydrogen_bond_Donor,xlogP,Physiological_Charge,Polarized_Surface_Area,Number_of_Rotatable_bonds,BBB,,cid,,,cid
OCc1ccccc1,244,108.14,1,1,1.1,0,20.2,1,1,,11,,,297
CC(NC(C)(C)C)C(=O)c1cccc(c1)Cl,444,239.74,2,1,3.2,0,29.1,4,1,,180,,,298
NCCc1ccc(c(c1)O)O DOPAMINE,681,153.18,3,3,-1,0,66.5,2,0,,244,,,338
NC(=O)c1cccnc1,936,122.12,2,1,-0.4,0,56,1,1,,263,,,401
CN1CCCC1c1cccnc1,942,162.23,2,0,1.2,0,16.1,1,1,,297,,,444
[N-]=[N+]=O,948,44.013,2,0,0.5,0,19.1,0,1,,305,,,450
CC12NC(Cc3ccccc13)c1ccccc21,1207,221.3,1,1,2.8,0,12,0,1,,323,,,453
CCC12CCN(CC3(O)CC3)C(Cc3ccc(cc31)O)C2(C)C,1223,315.4,3,2,3.9,0,43.7,3,1,,338,,,596
CN1CCN(CC1)C1Cc2ccccc2Sc2ccc(cc12)Cl,1238,344.9,3,0,4.3,0,31.8,1,1,,356,,,598
O=C1NC(=O)C(N1)(c1ccccc1)c1ccccc1,1775,252.27,2,2,2.5,0,58.2,2,1,,598,,,681
CCCC(=O)Nc1ccc(c(c1)C(C)=O)OCC(O)CNC(C)C,1978,336.4,5,3,1.7,0,87.7,10,0,,681,,,815
CC(=O)Nc1ccc(cc1)O,1983,151.16,2,2,0.5,0,49.3,1,1,,702,,,838
CC(=O)Nc1ccc(cc1)OC(=O)c1ccccc1O,1984,271.27,4,2,2.6,0,75.6,4,1,,887,,,942
CC(=O)Nc1sc(nn1)S(N)(=O)=O,1986,222.3,7,2,-0.3,0,152,2,1,,936,,,951
CC(N)C(=O)OC(C)(C)Cc1ccc(cc1)Cl,2081,255.74,3,1,2.8,0,52.3,5,1,,962,,,1046
Cc1nnc2n1c1ccc(cc1C(=NC2)c1ccccc1)Cl,2118,308.8,3,0,2.1,0,43.1,1,1,,1031,,,1065
OC(=O)CN1C(=O)c2cccc3cccc(c23)C1=O,2120,255.22,4,1,1.7,0,74.7,2,1,,1046,,,1206
NC12CC3CC(CC(C3)C1)C2,2130,151.25,1,1,2.4,0,26,0,1,,1140,,,1546
CCN1C=C(C(O)=O)C(=O)c2ccc(nc12)Cc1ccccc1,2137,308.3,5,1,3,0,70.5,4,1,,1176,,,1690
CCC1(CCC(=O)NC1=O)c1ccc(cc1)N,2145,232.28,3,2,1.2,0,72.2,2,1,,1388,,,1775
CCCCc1oc2ccccc2c1C(=O)c1cc(c(c(c1)[I])OCCN(CC)CC)[I],2157,645.3,4,0,7.6,0,42.7,11,0,,1486,,,1971
CCN1CCCC1CNC(=O)c1cc(c(cc1OC)N)S(=O)(=O)CC,2159,369.5,6,2,1.5,0,110,7,1,,1775,,,1972
CN(C)CCC=C1c2ccccc2CCc2ccccc12,2160,277.4,1,0,5,0,3.2,3,1,,1935,,,1978
CCC1(CCC(C)C)C(=O)NC(=O)NC1=O,2164,226.27,3,2,2.1,0,75.3,4,1,,1983,,,1983
Clc1ccc2c(c1)C(=Nc1ccccc1O2)N1CCNCC1,2170,313.8,3,1,2.6,0,36.9,1,1,,1984,,,2022
COc1ccc(cc1)C(=O)N1CCCC1=O,2196,219.24,3,0,1.6,0,46.6,2,1,,1986,,,2082
CC(=O)Oc1ccccc1C(O)=O,2244,180.16,4,1,1.2,0,63.6,3,1,,2082,,,2083
COc1ccc(cc1)CCN1CCC(CC1)Nc1nc2ccccc2n1Cc1ccc(cc1)F,2247,458.6,5,1,6,0,42.3,8,0,,2116,,,2094
CCC1(CC)C(=O)NC(=O)NC1=O,2294,184.19,3,2,0.6,0,75.3,2,1,,2118,,,2118
CCC1(C)CC(=O)NC(=O)C1,2310,155.19,2,1,0.7,0,46.2,1,1,,2120,,,2130
NC(CO)C(=O)NNCc1ccc(c(c1O)O)O BENSERAZIDE,2327,257.24,7,7,-1.3,0,148,5,0,,2130,,,2141
CC(Cc1ccccc1)N(C)Cc1ccccc1,2341,239.35,1,0,4.1,0,3.2,5,1,,2137,,,2142
CCN(CC)C(=O)C1CN2CCc3cc(c(cc3C2CC1OC(C)=O)OC)OC,2342,404.5,6,0,2.1,0,68.3,7,1,,2140,,,2153
CC(C)COCC(CN(Cc1ccccc1)c1ccccc1)N1CCCC1,2351,366.5,3,0,5.3,0,15.7,10,0,,2141,,,2160
CNCCCCOc1ccccc1Cc1ccccc1,2377,269.4,2,1,4.1,0,21.3,8,1,,2145,,,2163
Brc1ccc2c(c1)C(=NCC(=O)N2)c1ccccn1,2441,316.15,3,1,1.7,0,54.4,1,1,,2153,,,2244
CN(C)CCOC(c1ccccc1)c1ccc(cc1)Br,2444,334.2,2,0,4,0,12.5,6,1,,2157,,,2249
CCN(CC)CCNC(=O)c1cc(c(cc1OC)N)Br,2446,344.25,4,2,2.8,0,67.6,7,1,,2160,,,2266
CC(C)C(Br)C(=O)NC(N)=O,2447,223.07,2,2,1.1,0,72.2,2,1,,2164,,,2269
OC1(CCN(CCCC(=O)c2ccc(cc2)F)CC1)c1ccc(cc1)Br,2448,420.3,4,1,3.3,0,40.5,6,1,,2170,,,2366
Cc1nnc2n1c1sc(cc1C(=NC2)c1ccccc1Cl)Br,2451,393.7,4,0,2.8,0,71.3,1,1,,2196,,,2370
O=C1CC2(CCCC2)CC(=O)N1CCCCN1CCN(CC1)c1ncccn1,2477,385.5,6,0,2.6,0,69.6,6,1,,2206,,,2431
CCC(C)C1(CC)C(=O)NC(=O)NC1=O,2479,212.25,3,2,1.6,0,75.3,3,1,,2230,,,2443
CC(C)CC1(CC=C)C(=O)NC(=O)NC1=O,2481,224.26,3,2,1.7,0,75.3,4,1,,2244,,,2476
CCNC(=O)N(CCCN(C)C)C(=O)C1CC2C(Cc3c[nH]c4cccc2c34)N(CC=C)C1,2512,451.6,4,2,3.4,0,71.7,8,1,,2247,,,2478
COc1ccc(cc1OC)CCN(C)CCCC(C#N)(C(C)C)c1ccc(c(c1)OC)OC,2520,454.6,6,0,3.8,0,64,13,0,,2266,,,2519
CC(C)(CO)C(O)C(=O)NCCCC(O)=O,2527,233.26,5,4,-0.7,0,107,7,1,,2294,,,2520
NC(=O)N1c2ccccc2C=Cc2ccccc12,2554,236.27,1,1,2.5,0,46.3,0,1,,2310,,,2554
NC(=O)C1(CCN(CCCN2c3ccccc3CCc3ccccc23)CC1)N1CCCCC1,2580,446.6,4,1,4.5,0,52.8,6,1,,2337,,,2559
CCN(CC)C(=O)Nc1ccc(c(c1)C(C)=O)OCC(O)CNC(C)(C)C,2663,379.5,5,3,1.9,0,90.9,10,0,,2366,,,2563
CC(=O)OCC1=C(N2C(SC1)C(NC(=O)CCCC(N)C(O)=O)C2=O)C(O)=O CEPHALOSPORIN-C,2669,415.4,10,4,-4.4,0,202,10,0,,2370,,,2578
OC(=O)COCCN1CCN(CC1)C(c1ccccc1)c1ccc(cc1)Cl CETIRIZINE,2678,388.9,5,1,1.7,0,53,8,0,,2377,,,2583
OC(O)C(Cl)(Cl)Cl,2707,165.4,2,2,1,0,40.5,0,1,,2381,,,2650
CN1CCN(CC1)C(c1ccccc1)c1ccc(cc1)Cl,2710,300.8,2,0,4.5,0,6.5,3,1,,2431,,,2678
CNC1=Nc2ccc(cc2C(=[N+]([O-])C1)c1ccccc1)Cl,2712,299.75,3,1,2.4,0,48.2,1,1,,2441,,,2708
CN1C(c2ccc(cc2)Cl)S(=O)(=O)CCC1=O,2717,273.74,3,0,1.1,0,62.8,1,1,,2446,,,2719
CCN(CC)CCCC(C)Nc1ccnc2cc(ccc12)Cl,2719,319.9,3,1,4.6,0,28.2,8,0,,2448,,,2720
NC(=O)OCC(O)COc1ccc(cc1)Cl,2724,245.66,4,2,1.2,0,81.8,6,1,,2451,,,2726
CN(C)CCCN1c2ccccc2Sc2ccc(cc12)Cl,2726,318.9,3,0,5.2,0,31.8,4,1,,2477,,,2756
OC(=O)C1=CC(=O)c2ccccc2O1,2741,190.15,4,1,1.6,0,63.6,1,1,,2478,,,2764
CN\C(\NCCSCc1nc[nH]c1C)=N/C#N,2756,252.34,4,3,0.4,0,114,7,0,,2479,,,2789
CN(C)CCCC1(OCc2cc(ccc12)C#N)c1ccc(cc1)F,2771,324.4,4,0,3.2,0,36.3,5,1,,2481,,,2794
COc1cc(c(cc1C(=O)NC1CCN(CC1)Cc1ccccc1)Cl)N,2780,373.9,4,2,3.2,0,67.6,5,1,,2482,,,2801
CN1C(=O)CC(=O)N(c2ccccc2)c2cc(ccc21)Cl,2789,300.74,2,0,2.1,0,40.6,1,1,,2487,,,2803
NC(=O)C1(CCN(CCCN2c3ccccc3CCc3ccc(cc23)Cl)CC1)N1CCCCC1,2793,481.1,4,1,5.4,0,52.8,6,1,,2519,,,2826
CC(C)\N=C1/C=C2N(c3ccc(cc3)Cl)c3ccccc3N=C2C=C/1Nc1ccc(cc1)Cl,2794,473.4,4,1,7.1,0,40,4,0,,2537,,,2828
CN(C)CCCN1c2ccccc2CCc2ccc(cc12)Cl,2801,314.9,2,0,5.2,0,6.5,4,1,,2554,,,2833
[O-][N+](=O)c1ccc2c(c1)C(=NCC(=O)N2)c1ccccc1Cl,2802,315.71,4,1,2.4,0,87.3,1,1,,2555,,,2958
CCc1sc2c(c1)C(=NCC(=O)N2C)c1ccccc1Cl,2811,318.8,3,0,3.5,0,60.9,2,1,,2563,,,2995
Clc1ccc2c(c1)C1(OCCN1CC(=O)N2)c1ccccc1Cl,2816,349.2,3,1,3.2,0,41.6,1,1,,2580,,,3007
CN(C)CCC=C1c2ccccc2C=Cc2ccccc21,2895,275.4,1,0,5.2,0,3.2,3,1,,2707,,,3008
Nc1ccc(cc1)S(=O)(=O)c1ccc(cc1)N,2955,248.3,4,2,1,0,94.6,2,1,,2708,,,3016
CCCCN1C(=O)N(CCCC)c2ncn(c2C1=O)CC(C)=O,2984,320.39,4,0,1.9,0,75.5,8,1,,2720,,,3043
CNCCCN1c2ccccc2CCc2ccccc12,2995,266.4,2,1,4.9,0,15.3,4,1,,2726,,,3066
Clc1ccc2c(c1)C(=NCC(=O)N2)c1ccccc1,2997,270.71,2,1,2.9,0,41.5,1,1,,2727,,,3100
CC(N)Cc1ccccc1,3007,135.21,1,1,1.8,0,26,2,1,,2732,,,3117
CN1C(=O)CN=C(c2ccccc2)c2cc(ccc12)Cl,3016,284.74,2,0,3,0,32.7,1,1,,2733,,,3121
CC1(C)OC(=O)NC1=O,3081,129.11,3,1,0.1,0,55.4,0,1,,2741,,,3151
CN(C)CCOC(c1ccccc1)c1ccccc1,3100,255.35,2,0,3.3,0,12.5,6,1,,2764,,,3203
CNCC(O)c1ccc(c(c1)OC(=O)C(C)(C)C)OC(=O)C(C)(C)C DIPIVEFRINE,3105,351.4,6,2,2.9,0,84.9,9,0,,2780,,,3222
OCCN(CCO)c1nc(c2nc(nc(c2n1)N1CCCCC1)N(CCO)CCO)N1CCCCC1,3108,504.6,12,4,0.7,0,145,12,0,,2784,,,3226
CCN(CC)C(=S)SSC(=S)N(CC)CC,3117,296.5,4,0,3.9,0,121,7,1,,2789,,,3278
CCCC(CCC)C(O)=O,3121,144.21,2,1,2.8,0,37.3,5,1,,2793,,,3279
Clc1ccc2c(c1)NC(=O)N2C1CCN(CCCN2C(=O)Nc3ccccc23)CC1,3151,425.9,3,2,3.9,0,67.9,5,0,,2796,,,3291
COc1cc2c(cc1OC)C(=O)C(CC1CCN(CC1)Cc1ccccc1)C2,3152,379.5,4,0,4.3,0,38.8,6,1,,2797,,,3308
CCN1CC(CCN2CCOCC2)C(C1=O)(c1ccccc1)c1ccccc1,3156,378.5,3,0,3.3,0,32.8,6,1,,2801,,,3310
CN(C)CCOC(C)(c1ccccc1)c1ccccn1,3162,270.37,3,0,2.5,0,25.4,6,1,,2802,,,3325
Fc1ccc(cc1)C(=O)CCCN1CCC(=CC1)N1C(=O)Nc2ccccc12,3168,379.4,4,1,3.5,0,52.6,6,1,,2803,,,3345
FC(F)OC(F)(F)C(F)Cl,3226,184.49,6,0,2.1,0,9.2,3,1,,2811,,,3365
CCN1C=C(C(O)=O)C(=O)c2cc(c(nc12)N1CCNCC1)F,3229,320.32,8,2,-0.2,0,85.8,3,0,,2812,,,3366
Clc1ccc2c(c1)C(=NCc1nncn12)c1ccccc1,3261,294.74,3,0,1.7,0,43.1,1,1,,2816,,,3372
CCOC(=O)c1cnc2n(ncc2c1NN=C(C)C)CC,3277,289.33,6,1,2.1,0,81.4,6,1,,2895,,,3373
CCOCC,3283,74.12,1,0,0.9,0,9.2,2,1,,2942,,,3380
NC(=O)OC1(CCCCC1)C#C,3284,167.2,2,1,1.3,0,52.3,3,1,,2955,,,3386
CCN(CC)C(C)CN1c2ccccc2Sc2ccccc12,3290,312.5,3,0,4.8,0,31.8,5,1,,2972,,,3440
CCC1(C)CC(=O)NC1=O,3291,141.17,2,1,0.4,0,46.2,1,1,,2984,,,3446
CCN1C(=O)NC(C1=O)c1ccccc1,3292,204.22,2,1,1,0,49.4,2,1,,2995,,,3454
CCOC(=O)C1N=C(c2ccccc2F)c2cc(ccc2NC1=O)Cl,3299,360.8,5,1,2.9,0,67.8,4,1,,2997,,,3559
CCNCC(O)c1cccc(c1)O ETILEFRINE,3306,181.23,3,3,0.1,0,52.5,4,0,,3016,,,3639
CCc1sc2c(c1)C(=NCc1nnc(n12)C)c1ccccc1Cl,3307,342.8,4,0,2.6,0,71.3,2,1,,3042,,,3640
CC(=O)OCC(CCn1cnc2cnc(nc12)N)COC(C)=O,3324,321.33,8,1,0,0,122,9,1,,3081,,,3657
NC(=O)OCC(COC(N)=O)c1ccccc1,3331,238.24,4,2,0.6,0,105,7,1,,3100,,,3658
CCOC(=O)C1=C(C)NC(=C(C1c1cccc(c1Cl)Cl)C(=O)OC)C,3333,384.2,5,1,3.9,0,64.6,6,0,,3108,,,3661
CCC(=O)N(C1CCN(CC1)CCc1ccccc1)c1ccccc1,3345,336.5,2,0,4,0,23.6,6,1,,3117,,,3672
CC(C)(C(O)=O)c1ccc(cc1)C(O)CCCN1CCC(CC1)C(O)(c1ccccc1)c1ccccc1,3348,501.7,5,3,3,0,81,10,0,,3121,,,3676
Clc1ccc(cc1)OCC(=O)N1CCN(CC1)Cc1ccc2c(c1)OCO2,3351,388.8,5,0,3.2,0,51.2,5,1,,3151,,,3696
CN1CCN(CC1)c1c(cc2c(c1F)N(CCF)C=C(C(O)=O)C2=O)F,3357,369.34,9,1,-0.1,0,64.1,4,0,,3156,,,3715
OC(Cn1cncn1)(Cn1cncn1)c1ccc(cc1F)F,3365,306.27,7,1,0.4,0,81.6,5,1,,3162,,,3746
NC1=NC(=O)NC=C1F,3366,129.09,3,2,-0.9,0,67.5,0,1,,3168,,,3763
CN1C(=O)CN=C(c2ccccc2F)c2cc(ccc21)Cl,3369,302.73,3,0,2.8,0,32.7,1,1,,3180,,,3767
OCCN1CCN(CCCN2c3ccccc3Sc3ccc(cc23)C(F)(F)F)CC1,3372,437.5,8,1,4.4,0,55.2,6,1,,3191,,,3793
CN1C(=O)CN=C(c2ccccc2F)c2cc(ccc21)[N+]([O-])=O,3380,313.28,5,0,2.1,0,78.5,1,1,,3229,,,3823
CNCCC(Oc1ccc(cc1)C(F)(F)F)c1ccccc1,3386,309.33,5,1,4,0,21.3,6,1,,3261,,,3825
CCCCCCC(=O)OCCN1CCN(CCCN2c3ccccc3Sc3ccc(cc23)C(F)(F)F)CC1,3389,549.7,9,0,7.4,0,61.3,13,1,,3277,,,3826
CCN(CC)CCN1C(=O)CN=C(c2ccccc2F)c2cc(ccc21)Cl,3393,387.9,4,0,3,0,35.9,6,1,,3278,,,3878
Fc1ccc(cc1)C(CCCN1CCC2(CC1)N(CNC2=O)c1ccccc1)c1ccc(cc1)F,3396,475.6,5,1,5.6,0,35.6,7,1,,3282,,,3948
OCCN1C(=O)CN2CCOC2(c2ccccc2F)c2cc(ccc21)Cl,3398,376.8,5,1,2.2,0,53,3,1,,3283,,,3950
Fc1ccccc1C1=NCC(=O)N(CC2CC2)c2ccc(cc21)Cl,3400,342.8,3,0,3,0,32.7,3,1,,3291,,,3954
NCC1(CCCCC1)CC(O)=O,3446,171.24,3,2,-1.1,0,63.3,3,1,,3307,,,3957
Oc1noc2c1CCNC2,3448,140.14,3,2,-0.9,0,50.4,0,1,,3308,,,3958
CCC1(CCC(=O)NC1=O)c1ccccc1,3487,217.26,2,1,1.9,0,46.2,2,1,,3324,,,4046
COc1ccc(cc1C(=O)NCCc1ccc(cc1)S(=O)(=O)NC(=O)NC1CCCCC1)Cl,3488,494,5,3,4.8,0,122,8,0,,3325,,,4057
OC1(CCN(CCCC(=O)c2ccc(cc2)F)CC1)c1ccc(cc1)Cl,3559,375.9,4,1,3.2,0,40.5,6,1,,3331,,,4058
FC(F)(F)C(Cl)Br,3562,197.38,3,0,2.3,0,0,0,1,,3345,,,4112
Fc1ccccc1C12OCCN2CC(=O)Nc2ccc(cc21)Br,3563,377.2,4,1,2.8,0,41.6,1,1,,3351,,,4171
CN1C(=O)NC(=O)C(C)(C1=O)C1=CCCCC1,3608,236.27,3,1,1.5,0,66.5,1,1,,3357,,,4173
CN1CCCN(CC1)C(c1ccccc1)c1ccc(cc1)Cl,3627,314.9,2,0,4.2,0,6.5,3,1,,3365,,,4184
CC(N)Cc1ccc(cc1)O HYDROXYAMPHETAMINE,3651,151.21,2,2,1.4,0,46.2,2,0,,3366,,,4192
Nc1c2ccccc2nc2c1C(O)CCC2,3655,214.26,3,2,1.4,0,59.1,0,1,,3369,,,4196
OCCOCCN1CCN(CC1)C(c1ccccc1)c1ccc(cc1)Cl,3658,374.9,4,1,3.7,0,35.9,8,1,,3372,,,4205
NNCCc1ccccc1,3675,136.19,2,2,1.2,0,38,3,1,,3373,,,4235
CCN(CC)CC(=O)Nc1c(cccc1C)C,3676,234.34,2,1,2.3,0,32.3,5,0,,3380,,,4253
CN(C)CCCN1c2ccccc2CCc2ccccc21,3696,280.4,2,0,4.8,0,6.5,4,1,,3385,,,4421
C1COC(CN1)COc1cccc2c1CC=C2,3704,231.29,3,1,1.9,0,30.5,3,1,,3389,,,4428
COc1ccc2n(c(c(c2c1)CC(O)=O)C)C(=O)c1ccc(cc1)Cl,3715,357.8,4,1,4.3,0,68.5,4,1,,3393,,,4451
CC(C)NNC(=O)c1ccncc1,3748,179.22,3,2,0.4,0,54,3,1,,3396,,,4463
Cc1onc(c1)C(=O)NNCc1ccccc1,3759,231.25,4,2,1.5,0,67.2,4,1,,3398,,,4539
FC(F)OC(Cl)C(F)(F)F,3763,184.49,6,0,2.1,0,9.2,2,1,,3400,,,4583
CC(C(O)=O)c1cccc(c1)C(=O)c1ccccc1,3825,254.28,3,1,3.1,0,54.4,4,1,,3415,,,4585
Nc1nnc(c(n1)N)c1cccc(c1Cl)Cl,3878,256.09,5,2,1.4,0,90.7,1,1,,3440,,,4594
COc1ccc2c(c1)N(CC(C)CN(C)C)c1ccccc1S2,3916,328.5,4,0,4.7,0,41,5,1,,3446,,,4607
O=C1N(c2ccccc2)c2ccccc2C1(Cc1ccncc1)Cc1ccncc1,3932,391.5,3,0,4.1,0,46.1,5,1,,3448,,,4616
CCN(CC)C(=O)NC1CN(C)C2Cc3c[nH]c4cccc(c34)C2=C1,3938,338.4,2,2,2.7,0,51.4,3,1,,3469,,,4649
CN1C(CCCC1CC(=O)c1ccccc1)CC(O)c1ccccc1,3945,337.5,3,1,3.8,0,40.5,6,1,,3487,,,4730
CN(CCCN1c2ccccc2CCc2ccccc12)CC(=O)c1ccc(cc1)Cl,3947,419,3,0,6.8,0,23.6,7,1,,3494,,,4736
CCOC(=O)N1CCC(CC1)=C1c2ccc(cc2CCc2cccnc12)Cl,3957,382.9,3,0,5.2,0,42.4,2,1,,3518,,,4737
OC1N=C(c2ccccc2Cl)c2cc(ccc2NC1=O)Cl,3958,321.2,3,2,2.4,0,61.7,1,1,,3559,,,4739
CCCCc1nc(c(n1Cc1ccc(cc1)c1ccccc1c1[nH]nnn1)CO)Cl,3961,422.9,5,2,4.3,0,92.5,8,0,,3563,,,4748
CN1CCN(CC1)C1=Nc2ccccc2Oc2ccc(cc12)Cl,3964,327.8,3,0,3.1,0,28.1,1,1,,3608,,,4756
CNCCCC12CCC(c3ccccc31)c1ccccc21,4011,277.4,1,1,4.6,0,12,4,1,,3637,,,4763
OC1(N2CCN=C2c2ccccc12)c1ccc(cc1)Cl,4020,284.74,2,1,2.2,0,35.8,1,1,,3639,,,4811
CC1=NN(C(=O)C1)c1ccccc1,4021,174.2,2,0,1.3,0,32.7,1,1,,3647,,,4828
CN(C)CCOC(=O)COc1ccc(cc1)Cl,4039,257.71,4,0,2.5,0,38.8,7,1,,3657,,,4889
CN1CCN=C(c2ccccc2)c2cc(ccc21)Cl,4041,270.75,2,0,4.4,0,15.6,1,1,,3675,,,4891
CCN(CC)CCNC(=O)COc1ccc(cc1)OC,4045,280.36,4,1,2,0,50.8,9,1,,3676,,,4911
CC12CC3CC(C)(C1)CC(N)(C3)C2,4054,179.3,1,1,3.3,0,26,0,1,,3696,,,4914
CCOC(=O)C1(CCN(C)CC1)c1ccccc1,4058,247.33,3,0,2.5,0,29.5,4,1,,3715,,,4920
CCC1(NC(=O)N(C)C1=O)c1ccccc1,4060,218.25,2,1,1.5,0,49.4,2,1,,3746,,,4927
CCCC(C)(COC(N)=O)COC(N)=O,4064,218.25,4,2,0.7,0,105,8,1,,3748,,,4943
C1CN2CCC1C(C2)CN1c2ccccc2Sc2ccccc12,4066,322.5,3,0,4.6,0,31.8,2,1,,3759,,,4946
CN1CCCCC1CCN1c2ccccc2Sc2ccc(cc12)S(C)=O,4078,386.6,5,0,4.5,0,68.1,4,1,,3767,,,4991
CC1(C)SC2C(NC(=O)C(N=C)c3ccccc3)C(=O)N2C1C(O)=O METAMPICILLIN,4084,361.4,6,2,3,0,124,5,0,,3776,,,4992
CCC(=O)C(CC(C)N(C)C)(c1ccccc1)c1ccccc1,4095,309.4,2,0,3.9,0,20.3,7,1,,3821,,,4993
CN(C)CCN(Cc1sccc1)c1ccccn1,4098,261.39,4,0,2.6,0,47.6,6,1,,3845,,,5039
CCC1(CC)C(=O)NC(=O)N(C)C1=O,4099,198.22,3,1,1.2,0,66.5,2,1,,3878,,,5064
CSc1ccc2c(c1)C(Cc1ccccc1S2)N1CCN(C)CC1,4106,356.6,4,0,4.2,0,57.1,2,1,,3932,,,5073
COC(F)(F)C(Cl)Cl,4116,164.96,3,0,2.2,0,9.2,2,1,,3947,,,5076
COC(=O)C(C1CCCCN1)c1ccccc1,4158,233.31,3,1,0.2,0,38.3,4,1,,3955,,,5095
CCC1(CC)C(=O)NCC(C)C1=O,4162,183.25,2,1,0.8,0,46.2,2,1,,3957,,,5155
Cc1ncc(n1CCO)[N+]([O-])=O,4173,171.15,4,1,0,0,83.9,2,1,,3961,,,5206
CC1COC2(N1CC(=O)Nc1ccc(cc12)Cl)c1ccccc1Cl,4177,363.2,3,1,3.7,0,41.6,1,1,,3964,,,5215
CC(N)COc1c(cccc1C)C,4178,179.26,2,1,2.1,0,35.2,3,1,,4011,,,5253
CN1CCN2C(C1)c1ccccc1Cc1ccccc21,4184,264.4,2,0,3.4,0,6.5,0,1,,4020,,,5257
Clc1ccc(c(c1)Cl)COC(Cn1ccnc1)c1ccc(cc1Cl)Cl,4189,416.1,2,0,5.3,0,27,6,1,,4037,,,5297
Cc1ncc2n1c1ccc(cc1C(=NC2)c1ccccc1F)Cl,4192,325.8,3,0,2.5,0,30.2,1,1,,4039,,,5300
Cc1cc(nnc1NCCN1CCOCC1)c1ccccc1,4199,298.4,5,1,2,0,50.3,5,1,,4041,,,5329
CN1CCN2C(C1)c1ccccc1Cc1cccnc21,4205,265.35,3,0,3.3,0,19.4,0,1,,4044,,,5376
Clc1ccc(cc1)C(=O)NCCN1CCOCC1,4235,268.74,3,1,1.5,0,41.6,4,1,,4045,,,5391
NC(=O)CS(=O)C(c1ccccc1)c1ccccc1,4236,273.4,3,1,1.7,0,79.4,5,1,,4054,,,5396
Cc1ccc(cc1)C1(O)CCN(CCCC(=O)c2ccc(cc2)F)CC1,4249,355.4,4,1,3,0,40.5,6,1,,4057,,,5402
Clc1ccc2c(c1)N(CCCN1CCC3(CC1)N1CCCCC1NC3=O)c1ccccc1CC2,4257,479.1,4,1,5.4,0,38.8,4,1,,4058,,,5408
CN(CCCOc1ccc(cc1Cl)Cl)CC#C,4380,272.17,2,0,4.2,0,12.5,6,1,,4060,,,5452
CCN1C=C(C(O)=O)C(=O)c2ccc(nc12)C NALIDIXIC-ACID,4421,232.23,5,1,1.4,0,70.5,2,0,,4064,,,5453
CCC1=NN(CCCN2CCN(CC2)c2cccc(c2)Cl)C(=O)N1CCOc1ccccc1,4449,470,5,0,4.3,0,51.6,10,1,,4066,,,5470
CN1CCOC(c2ccccc2)c2ccccc2C1,4450,253.34,2,0,2.9,0,12.5,1,1,,4076,,,5515
O=C(CCNNC(=O)c1ccncc1)NCc1ccccc1,4472,298.34,4,3,0.9,0,83.1,7,1,,4097,,,5556
COC(=O)C1=C(C)NC(=C(C1c1cccc(c1)[N+]([O-])=O)C(=O)OCCN(C)Cc1ccccc1)C,4474,479.5,8,1,3.8,0,114,10,0,,4098,,,5566
COC(=O)C1=C(C)NC(=C(C1c1ccccc1[N+]([O-])=O)C(=O)OC)C,4485,346.3,7,1,2.2,0,110,5,0,,4099,,,5578
CN1C(=O)CN=C(c2ccccc2)c2cc(ccc12)[N+]([O-])=O,4496,295.29,4,0,2.2,0,78.5,1,1,,4116,,,5582
CNCCC(Oc1ccccc1OC)c1ccccc1,4500,271.35,3,1,3.1,0,30.5,7,1,,4138,,,5625
[O-][N+](=O)c1ccc2c(c1)C(=NCC(=O)N2)c1ccccc1,4506,281.27,4,1,2.2,0,87.3,1,1,,4173,,,5651
CCOC(=O)C1=C(C)NC(=C(C1c1cccc(c1)[N+]([O-])=O)C(=O)OC)C,4507,360.4,7,1,2.9,0,110,6,0,,4192,,,5718
CN1CC(c2ccccc2)c2cccc(c2C1)N,4528,238.33,2,1,2.6,0,29.3,1,1,,4199,,,5726
NCC(O)c1cccc(c1)O NORFENEFRINE,4538,153.18,3,3,-0.8,0,66.5,2,0,,4235,,,5734
CCN1C=C(C(O)=O)C(=O)c2cc(c(cc12)N1CCNCC1)F,4539,319.33,7,2,-1,0,72.9,3,0,,4236,,,6468
CNCCC=C1c2ccccc2CCc2ccccc12,4543,263.4,1,1,4.5,0,12,3,1,,4249,,,6503
Cn1c2c(c3ccccc13)C(=O)C(CC2)Cn1ccnc1C,4595,293.4,2,0,2.3,0,39.8,2,1,,4421,,,8982
CN(C)CCOC(c1ccccc1)c1ccccc1C ORPHENADRINE,4601,269.4,2,0,3.8,0,12.5,6,0,,4422,,,9034
OC1N=C(c2ccccc2)c2cc(ccc2NC1=O)Cl,4616,286.71,3,2,2.2,0,61.7,1,1,,4428,,,17358
CC1CN2CC(=O)Nc3ccc(cc3C2(O1)c1ccccc1)Cl,4617,328.8,3,1,3,0,41.6,1,1,,4449,,,30623
NC(=O)CN1CC(O)CC1=O,4626,158.16,3,2,-2.2,0,83.6,2,1,,4472,,,50614
COc1ccc2c(c1OC)C13CCN(C)C(C2)C3(O)CCC(O)C1,4637,333.4,5,2,1.6,0,62.2,2,1,,4485,,,60787
COc1cc2[nH]c(c(c2cc1OC)CCN1CCN(CC1)c1ccccc1)C,4640,379.5,4,1,4.3,0,40.7,6,1,,4496,,,62959
CN(CC#C)Cc1ccccc1,4688,159.23,1,0,2.1,0,3.2,3,1,,4506,,,65281
Fc1ccc(cc1)C1CCNCC1COc1ccc2c(c1)OCO2,4691,329.4,5,1,3.5,0,39.7,4,1,,4539,,,74989
NC1=NC(=O)C(O1)c1ccccc1,4723,176.17,2,1,0.9,0,64.7,1,1,,4543,,,2761171
CCCC(C)C1(CC)C(=O)NC(=O)NC1=O,4737,226.27,3,2,2.1,0,75.3,4,1,,4594,,,5281007
OC1CCN(CCCN2c3ccccc3Sc3ccc(cc23)C#N)CC1,4747,365.5,5,1,3.5,0,75.8,4,1,,4614,,,25880656
OCCN1CCN(CCCN2c3ccccc3Sc3ccc(cc23)Cl)CC1,4748,404,5,1,4.2,0,55.2,6,1,,4635,,,26275995
NC(=O)NC(=O)Cc1ccccc1,4753,178.19,2,2,0.9,0,72.2,2,1,,4639,,,51601240
CCOc1ccc(cc1)NC(C)=O,4754,179.22,2,1,1.6,0,38.3,3,1,,4640,,,
CC1NCCOC1c1ccccc1,4762,177.24,2,1,1.4,0,21.3,1,1,,4649,,,
CCC1(C(=O)NC(=O)NC1=O)c1ccccc1,4763,232.23,3,2,1.5,0,75.3,2,1,,4680,,,
NC(=O)OCCCc1ccccc1,4770,179.22,2,1,2,0,52.3,5,1,,4687,,,
CN1CCC(CC1)=C1c2ccccc2Sc2ccccc12,4822,293.4,2,0,3.9,0,28.5,0,1,,4748,,,
NC(=O)C1(CCN(CCCC(=O)c2ccc(cc2)F)CC1)N1CCCCC1,4830,375.5,5,1,2,0,66.6,7,1,,4753,,,
NC(=O)CN1CCCC1=O,4843,142.16,2,1,-1.3,0,63.4,2,1,,4754,,,
C1Oc2ccc(cc2O1)CN1CCN(CC1)c1ncccn1,4850,298.34,6,0,1.8,0,50.7,3,1,,4756,,,
CC(C)(C)C(=O)OCOC(=O)C1N2C(SC1(C)C)C(/N=C/N1CCCCCC1)C2=O PIVMECILLINAM,4857,439.6,7,0,3.1,0,114,8,0,,4763,,,
Clc1ccc2c(c1)C(=NCC(=O)N2CC1CC1)c1ccccc1,4890,324.8,2,0,3.6,0,32.7,3,1,,4764,,,
CCC1(C(=O)NCNC1=O)c1ccccc1,4909,218.25,2,2,0.9,0,58.2,2,1,,4770,,,
CNNCc1ccc(cc1)C(=O)NC(C)C,4915,221.3,3,3,0.1,0,53.2,5,1,,4781,,,
CN1CCN(CCCN2c3ccccc3Sc3ccc(cc23)Cl)CC1,4917,373.9,4,0,4.9,0,35,4,1,,4822,,,
CN(C)CCCN1c2ccccc2Sc2ccccc12,4926,284.4,3,0,4.5,0,31.8,4,1,,4830,,,
CC(CN1c2ccccc2Sc2ccccc12)N(C)C,4927,284.4,3,0,4.8,0,31.8,3,1,,4843,,,
CCCNCC(O)COc1ccccc1C(=O)CCc1ccccc1,4932,341.4,4,2,3.3,0,58.6,11,0,,4848,,,
CCC(=O)c1ccc2c(c1)N(CC(C)N(C)C)c1ccccc1S2,4940,340.5,4,0,4.8,0,48.8,5,1,,4850,,,
CC(C)c1cccc(c1O)C(C)C,4943,178.27,1,1,3.8,0,20.2,2,1,,4890,,,
CC(C)NCC(O)COc1cccc2ccccc12,4946,259.34,3,2,3,0,41.5,6,0,,4909,,,
CNCCCC1c2ccccc2C=Cc2ccccc12,4976,263.4,1,1,4.4,0,12,4,1,,4911,,,
CC(O)Cn1cnc2c1C(=O)N(C)C(=O)N2C,4977,238.24,4,1,-0.8,0,78.7,2,1,,4914,,,
CCC1(CC)C(=O)NC=CC1=O,4994,167.2,2,1,1,0,46.2,2,1,,4915,,,
Fc1ccccc1C1=NCC(=S)N(CC(F)(F)F)c2ccc(cc21)Cl,4999,386.8,6,0,4,0,47.7,2,1,,4917,,,
OCCOCCN1CCN(CC1)C1=Nc2ccccc2Sc2ccccc12,5002,383.5,5,1,2.1,0,73.6,6,1,,4919,,,
COc1cc2c(cc1OC)C(CN(C)CC2)c1ccccc1,5024,297.4,3,0,3.7,0,21.7,3,1,,4926,,,
CN(C)C(=O)c1nn(c(n1)CNC(=O)CN)c1ccc(cc1C(=O)c1ccccc1Cl)Cl,5069,475.3,6,2,2.3,0,123,7,1,,4934,,,
Nc1sc2cc(ccc2n1)OC(F)(F)F,5070,234.2,7,1,3.6,0,76.4,1,1,,4943,,,
CC1=C(CCN2CCC(CC2)c2noc3cc(ccc23)F)C(=O)N2CCCCC2=N1,5073,410.5,6,0,2.7,0,61.9,4,1,,4976,,,
COc1ccc(cc1OC1CCCC1)C1CNC(=O)C1,5092,275.34,3,1,2.2,0,47.6,4,1,,4991,,,
CCCN(CCC)CCc1cccc2c1CC(=O)N2,5095,260.37,2,1,2.7,0,32.3,7,1,,4992,,,
NC(=O)c1ccccc1O,5147,137.14,2,2,1.3,0,63.3,1,1,,4993,,,
OC(=O)c1ccccc1OC(=O)c1ccccc1O,5161,258.23,5,2,3,0,83.8,4,1,,4994,,,
CCCC(C)C1(CC=C)C(=O)NC(=O)NC1=O,5193,238.28,3,2,2,0,75.3,5,1,,4999,,,
CN1CCC2=C(C1)c1ccccc1Cc1ccccc21,5205,261.4,1,0,3.3,0,3.2,0,1,,5002,,,
FCOC(C(F)(F)F)C(F)(F)F,5206,200.05,8,0,2.8,0,9.2,2,1,,5069,,,
CC(C)CC(N(C)C)C1(CCC1)c1ccc(cc1)Cl,5210,279.8,1,0,5.4,0,3.2,5,1,,5070,,,
Nc1ccc(cc1)S(=O)(=O)Nc1ncccn1,5215,250.28,6,2,-0.1,0,106,3,1,,5073,,,
Fc1ccc(cc1)C(=O)CCCN1CCC2(CC1)N(CNC2=O)c1ccccc1,5265,395.5,5,1,3,0,52.6,6,1,,5095,,,
O=C1NCN(c2ccccc2)C21CCN(CC2)CC1COc2ccccc2O1,5268,379.5,5,1,3.1,0,54,3,1,,5142,,,
CC1(C)SC2C(NC(=O)C(c3ccccc3)S(O)(=O)=O)C(=O)N2C1C(O)=O SULBENICILLIN,5317,414.5,8,3,1.1,0,175,5,0,,5147,,,
Cc1onc(c1)NS(=O)(=O)c1ccc(cc1)N,5329,253.28,6,2,0.9,0,107,3,1,,5161,,,
CCN1CCCC1CNC(=O)c1cc(ccc1OC)S(N)(=O)=O,5355,341.4,6,2,0.6,0,110,6,1,,5205,,,
NS(=O)(=O)c1ccc(cc1)N1CCCCS1(=O)=O,5356,290.4,6,1,0.1,0,114,2,1,,5206,,,
CCN1CCCC1CNC(=O)c1cc(ccc1OC)S(=O)(=O)CC,5357,354.5,5,1,1.6,0,84.1,7,1,,5215,,,
CN1C(=O)C(O)N=C(c2ccccc2)c2cc(ccc21)Cl,5391,300.74,3,1,2.2,0,52.9,1,1,,5265,,,
CC(C)(C)c1ccc(cc1)C(O)CCCN1CCC(CC1)C(O)(c1ccccc1)c1ccccc1,5405,471.7,3,2,6.6,0,43.7,9,0,,5329,,,
O=C1CCC(N2C(=O)c3ccccc3C2=O)C(=O)N1,5426,258.23,4,1,0.3,0,83.6,1,1,,5339,,,
Cn1cnc2c1C(=O)NC(=O)N2C,5429,180.16,3,1,-0.8,0,67.2,0,1,,5344,,,
[nH]1c2ccccc2nc1c1cscn1,5430,201.25,3,1,2.5,0,69.8,1,1,,5356,,,
CS(=O)(=O)c1ccc(cc1)C(O)C(CO)NC(=O)C(Cl)Cl,5433,356.2,5,3,-0.3,0,112,6,1,,5429,,,
CCSc1ccc2c(c1)N(CCCN1CCN(C)CC1)c1ccccc1S2,5440,399.6,5,0,5.4,0,60.3,6,1,,5440,,,
CSc1ccc2c(c1)N(CCC1CCCCN1C)c1ccccc1S2,5452,370.6,4,0,5.9,0,57.1,4,1,,5453,,,
CCN(CC)CCNC(=O)c1cc(ccc1OC)S(C)(=O)=O,5467,328.4,5,1,0.9,0,84.1,8,1,,5467,,,
CCN(CC)C(=O)c1cccnc1,5497,178.23,2,0,0.3,0,33.2,3,1,,5479,,,
CCC1C(=NN=C(c2ccc(c(c2)OC)OC)c2cc(c(cc12)OC)OC)C,5502,382.5,6,0,3.2,0,61.6,6,1,,5497,,,
CCCCNc1c2cnn(c2nc(c1C(=O)OCC)C)CC,5522,304.39,5,1,3.5,0,69,8,1,,5503,,,
NC1CC1c1ccccc1,5530,133.19,1,1,1.5,0,26,1,1,,5505,,,
Clc1cccc(c1)N1CCN(CCCN2N=C3C=CC=CN3C2=O)CC1,5533,371.9,4,0,2.8,0,42.4,5,1,,5515,,,
Cc1nnc2n1c1ccc(cc1C(=NC2)c1ccccc1Cl)Cl,5556,343.2,3,0,2.4,0,43.1,1,1,,5522,,,
BrC(Br)Br,5558,252.73,0,0,2.8,0,0,0,1,,5533,,,
OP(O)(=O)OCC(Cl)(Cl)Cl,5563,229.38,4,2,0.3,0,66.8,2,1,,5546,,,
CN1CCN(CCCN2c3ccccc3Sc3ccc(cc23)C(F)(F)F)CC1,5566,407.5,7,0,5,0,35,4,1,,5556,,,
OC1(CCN(CCCC(=O)c2ccc(cc2)F)CC1)c1cccc(c1)C(F)(F)F,5567,409.4,7,1,3.5,0,40.5,6,1,,5558,,,
CN(C)CCCN1c2ccccc2Sc2ccc(cc12)C(F)(F)F,5568,352.4,6,0,5.2,0,31.8,4,1,,5563,,,
CC(CN(C)C)CN1c2ccccc2Sc2ccccc21,5574,298.4,3,0,4.7,0,31.8,4,1,,5566,,,
CN1C(=O)OC(C)(C)C1=O,5576,143.14,3,0,0.3,0,46.6,0,1,,5567,,,
COc1cc(cc(c1OC)OC)Cc1cnc(nc1N)N,5578,290.32,7,2,0.9,0,106,5,1,,5568,,,
COc1cc(cc(c1OC)OC)NCc1ccc2nc(nc(c2c1C)N)N,5583,369.4,8,3,2.5,0,118,6,1,,5572,,,
CC(CN(C)C)CN1c2ccccc2CCc2ccccc12,5584,294.4,2,0,5.8,0,6.5,4,1,,5576,,,
CCOC(N)=O,5641,89.09,2,1,-0.2,0,52.3,2,1,,5578,,,
CC(C)C1NC(=O)C(C)OC(=O)C(NC(=O)C(OC(=O)C(NC(=O)C(C)OC(=O)C(NC(=O)C(OC(=O)C(NC(=O)C(C)OC(=O)C(NC(=O)C(OC1=O)C(C)C)C(C)C)C(C)C)C(C)C)C(C)C)C(C)C)C(C)C)C(C)C,5649,1111.3,18,6,9.1,0,332,9,0,,5583,,,
COc1ccc(cc1)C(CN(C)C)C1(O)CCCCC1,5656,277.4,3,1,2.9,0,32.7,5,1,,5625,,,
NC(CCC(O)=O)C=C,5665,129.16,3,2,-2.2,0,63.3,4,1,,5641,,,
CCOc1ccccc1OCC1CNCCO1,5666,237.29,4,1,1.5,0,39.7,5,1,,5707,,,
Cc1cccc(c1NC1=NCCCS1)C,5707,220.34,2,1,2.8,0,49.7,2,1,,5732,,,
CCN(C(C)=O)c1cccc(c1)C1=CC=Nc2n1ncc2C#N,5719,305.33,4,0,1,0,74.3,3,1,,5734,,,
CN(C)C(=O)Cc1n2c(nc1c1ccc(cc1)C)C=CC(=C2)C,5732,307.4,2,0,2.5,0,37.6,3,1,,5736,,,
NS(=O)(=O)Cc1noc2ccccc12,5734,212.23,5,1,0.2,0,94.6,2,1,,5752,,,
CN1CCN(CC1)C(=O)OC1N(C(=O)c2nccnc12)c1ccc(cn1)Cl,5735,388.8,7,0,0.5,0,91.8,3,1,,5808,,,
CN(C)CCOC1=Cc2ccccc2Sc2ccc(cc12)Cl,5736,331.9,3,0,4.8,0,37.8,4,1,,5814,,,
C[C@@H]1C[C@H]2[C@@H]3CCC4=CC(=O)C=C[C@]4(C)[C@@]3(F)[C@@H](O)C[C@]2(C)[C@@]1(O)C(=O)CO,5743,392.5,6,3,1.9,0,94.8,2,1,,5826,,,
CC(=O)OCC(=O)[C@@]1(O)CC[C@H]2[C@@H]3CCC4=CC(=O)CC[C@]4(C)[C@H]3[C@@H](O)C[C@@]21C,5744,404.5,6,2,2.2,0,101,4,1,,5838,,,
CCC(O)(COC(N)=O)c1ccccc1,5752,209.24,3,2,1.1,0,72.6,5,1,,5842,,,
C[C@@]12CCC(=O)C=C2CC[C@H]2[C@@H]3CC[C@](O)(C(=O)CO)[C@@]3(C)C[C@H](O)[C@@H]21,5754,362.5,5,3,1.6,0,94.8,2,1,,5917,,,
C[C@@]12C[C@H](O)[C@H]3[C@@H](CCC4=CC(=O)C=C[C@]34C)[C@@H]2CC[C@]1(O)C(=O)CO,5755,360.4,5,3,1.6,0,94.8,2,1,,5977,,,
C[C@@]12CC[C@H]3[C@@H](CCc4cc(ccc34)O)[C@@H]2CC[C@@H]1O,5757,272.4,2,2,4,0,40.5,0,0,,6009,,,
CO[C@H]1[C@@H](C[C@@H]2CN3CCc4c([nH]c5cc(ccc45)OC)[C@H]3C[C@@H]2[C@@H]1C(=O)OC)OC(=O)c1cc(c(c(c1)OC)OC)OC,5770,608.7,10,1,4,0,118,10,1,,6047,,,
[O-]C(=O)C1=C(CS[C@@H]2[C@H](NC(=O)Cc3sccc3)C(=O)N21)C[n+]1ccccc1 CEFALORIDINE,5773,415.5,6,1,1.9,0,147,5,0,,6077,,,
CNC[C@H](O)c1ccc(c(c1)O)O EPINEPHRINE,5816,183.2,4,4,-1.4,0,72.7,3,0,,6212,,,
C[C@H](N)Cc1ccccc1,5826,135.21,1,1,1.8,0,26,2,1,,6276,,,
CC(=O)OCC(=O)[C@@]1(O)CC[C@H]2[C@@H]3CCC4=CC(=O)C=C[C@]4(C)[C@H]3[C@@H](O)C[C@@]21C,5834,402.5,6,2,2.4,0,101,4,1,,6278,,,
CCC1(C(=O)NC(=O)NC1=O)C1=CCCCC1,5838,236.27,3,2,1.8,0,75.3,2,1,,6292,,,
C=CCC1(CC=C)C(=O)NC(=O)NC1=O,5842,208.21,3,2,1,0,75.3,4,1,,6305,,,
C[C@@]12CC(=O)[C@H]3[C@@H](CCC4=CC(=O)C=C[C@]34C)[C@@H]2CC[C@]1(O)C(=O)CO,5865,358.4,5,2,1.5,0,91.7,2,1,,6325,,,
C[C@@H]1C[C@H]2[C@@H]3C[C@H](F)C4=CC(=O)C=C[C@]4(C)[C@H]3[C@@H](O)C[C@]2(C)[C@@]1(O)C(=O)CO,5875,392.5,6,3,2,0,94.8,2,1,,6337,,,
C[C@@]12C=CC(=O)C=C2[C@@H](F)C[C@H]2[C@@H]3CC[C@](O)(C(=O)CO)[C@@]3(C)C[C@H](O)[C@@H]21,5876,378.4,6,3,1.4,0,94.8,2,1,,6344,,,
C[C@H]1C[C@H]2[C@@H]3CC[C@](O)(C(=O)COC(C)=O)[C@@]3(C)C[C@H](O)[C@@H]2[C@@]2(C)C=CC(=O)C=C12,5877,416.5,6,2,2.7,0,101,4,1,,6348,,,
CC1(C)S[C@@H]2[C@H](NC(=O)Cc3ccccc3)C(=O)N2[C@H]1C(O)=O BENZYLPENICILLIN,5904,334.4,5,2,1.8,0,112,4,0,,6351,,,
C1CCn2nnnc2CC1,5917,138.17,3,0,0.1,0,43.6,0,1,,6354,,,
CC(Cc1ccccc1)NN,5929,150.22,2,2,1.3,0,38,3,1,,6358,,,
OC[C@@H](NC(=O)C(Cl)Cl)[C@H](O)c1ccc(cc1)[N+]([O-])=O,5959,323.13,5,3,1.1,0,115,5,1,,6365,,,
CC(C)(O)C(Cl)(Cl)Cl,5977,177.45,1,1,2,0,20.2,0,1,,6386,,,
CC[C@]1(O)C[C@H]2CN(CCc3c([nH]c4ccccc43)[C@@](C2)(C(=O)OC)c2cc3c(cc2OC)N(C=O)[C@H]2[C@](O)([C@H](OC(C)=O)[C@]4(CC)C=CCN5CC[C@@]23[C@@H]54)C(=O)OC)C1,5978,825,12,3,2.8,0,171,10,0,,6400,,,
CN1CCc2cccc3c2[C@H]1Cc1ccc(c(c31)O)O,6005,267.32,3,2,2.3,0,43.7,0,1,,6403,,,
COc1cc2c(cc1OC)C1CC(=O)C(CC(C)C)CN1CC2,6018,317.4,4,0,2.9,0,38.8,4,1,,6405,,,
CC(=O)OCC1=C(N2[C@H](SC1)[C@H](NC(=O)Cc1sccc1)C2=O)C(O)=O CEFALOTIN,6024,396.4,8,2,-0.4,0,167,7,0,,6408,,,
N[C@@H](Cc1ccc(c(c1)O)O)C(O)=O,6047,197.19,5,4,-2.7,0,104,3,1,,6429,,,
CN1CCN(CC1)CC(=O)[C@@]1(O)CC[C@H]2[C@@H]3CCC4=CC(=O)C=C[C@]4(C)[C@H]3[C@@H](O)C[C@@]21C,6064,442.6,6,2,1.6,0,81.1,3,1,,6433,,,
CCC1C(=O)NC(=O)C1(C)c1ccccc1,6068,217.26,2,1,1.9,0,46.2,2,1,,6464,,,
CN1CCCC(C1)CN1c2ccccc2Sc2ccccc21,6075,310.5,3,0,5.6,0,31.8,2,1,,6468,,,
CN(C)CCCN1c2ccccc2Sc2ccc(cc21)C(C)=O,6077,326.5,4,0,4.2,0,48.8,5,1,,6473,,,
COc1cccc(c1C(=O)N[C@H]1[C@H]2SC(C)(C)[C@@H](N2C1=O)C(O)=O)OC METICILLIN,6087,380.4,7,2,1.2,0,131,5,0,,6475,,,
Cc1onc(c1C(=O)N[C@H]1[C@H]2SC(C)(C)[C@@H](N2C1=O)C(O)=O)c1ccccc1Cl CLOXACILLIN,6098,435.9,7,2,2.4,0,138,4,0,,6476,,,
CCC(C)C(C)(COC(N)=O)COC(N)=O,6151,232.28,4,2,1.4,0,105,8,1,,6488,,,
COC1=CC=C2C(=CC1=O)[C@H](CCc1cc(c(c(c21)OC)OC)OC)NC(C)=O,6167,399.4,6,1,1,0,83.1,5,0,,6489,,,
CC(NN)c1ccccc1,6179,136.19,2,2,0.9,0,38,2,1,,6493,,,
Cc1onc(c1C(=O)N[C@H]1[C@H]2SC(C)(C)[C@@H](N2C1=O)C(O)=O)c1ccccc1 OXACILLIN,6196,401.4,7,2,2.4,0,138,4,0,,6503,,,
ClC(Cl)Cl,6212,119.37,0,0,2.3,0,0,0,1,,6526,,,
CC1(C)S[C@@H]2[C@H](NC(=O)[C@H](N)c3ccccc3)C(=O)N2[C@H]1C(O)=O AMPICILLIN,6249,349.4,6,3,-1.1,0,138,4,0,,6560,,,
COc1ccccc1OCC1CNC(=O)O1,6257,223.22,4,1,1.4,0,56.8,4,1,,6569,,,
Cc1ccccc1N1C(=Nc2ccccc2C1=O)C,6292,250.29,2,0,2.5,0,32.7,1,1,,6574,,,
N[C@@H](Cc1c[nH]c2ccccc12)C(O)=O,6305,204.22,3,3,-1.1,0,79.1,3,1,,6575,,,
C=C,6325,28.05,0,0,1.2,0,0,0,1,,6584,,,
CCCl,6337,64.51,0,0,1.2,0,0,0,1,,6617,,,
ClCCl,6344,84.93,0,0,1.5,0,0,0,1,,6623,,,
C1CC1,6351,42.08,0,0,1.6,0,0,0,1,,6762,,,
OCC(Br)(Br)Br,6400,282.76,1,1,2.1,0,20.2,0,1,,7028,,,
CCC(C)(C)O,6405,88.15,1,1,0.9,0,20.2,1,1,,7174,,,
FC(F)(Cl)C(F)(F)Cl,6429,170.92,4,0,2.8,0,0,1,1,,7237,,,
CCC(C)(S(=O)(=O)CC)S(=O)(=O)CC,6433,242.4,4,0,1,0,85,5,1,,7247,,,
CC1(C)O[C@@H]2C[C@H]3[C@@H]4CCC5=CC(=O)C=C[C@]5(C)[C@@]4(F)[C@@H](O)C[C@]3(C)[C@@]2(O1)C(=O)CO,6436,434.5,7,2,2.5,0,93.1,2,1,,7282,,,
CC(C)C1(CC=C)C(=O)NC(=O)NC1=O,6464,210.23,3,2,1.1,0,75.3,3,1,,7296,,,
C1CCN(CC1)C1(CCCCC1)c1ccccc1,6468,243.4,1,0,3.6,0,3.2,2,1,,7394,,,
CCC(=O)OC1(CCN(C)CC1C)c1ccccc1,6471,261.36,3,0,2.8,0,29.5,4,1,,7500,,,
CN(C)CCOC(C)(c1ccccc1)c1ccc(cc1)Cl,6475,303.8,2,0,4.1,0,12.5,6,1,,7501,,,
CN1C(=O)CC(C)(C1=O)c1ccccc1,6476,203.24,2,0,1.2,0,37.4,1,1,,7510,,,
CC(=O)Nc1ccc(cc1)S(=O)(=O)c1ccc(cc1)NC(C)=O,6477,332.4,4,2,1.1,0,101,4,1,,7809,,,
CCC(Br)(CC)C(=O)NC(N)=O,6488,237.09,2,2,1.5,0,72.2,3,1,,7840,,,
CCC(Br)(CC)C(=O)NC(=O)NC(C)=O,6489,279.13,3,2,2.3,0,75.3,3,1,,7845,,,
CCC(C)(O)C#C,6494,98.14,1,1,0.8,0,20.2,2,1,,7853,,,
OC(OCC(COC(O)C(Cl)(Cl)Cl)(COC(O)C(Cl)(Cl)Cl)COC(O)C(Cl)(Cl)Cl)C(Cl)(Cl)Cl,6519,725.7,8,4,5.1,0,118,12,1,,7892,,,
CCC(C)(CC)OC(N)=O,6526,145.2,2,1,1.5,0,52.3,4,1,,7895,,,
ClC=C(Cl)Cl,6575,131.38,0,0,2.6,0,0,0,1,,7902,,,
CC(C)(O)C(C)(O)c1ccc(cc1)Cl,6617,214.69,2,2,1.8,0,40.5,2,1,,7915,,,
CC(C)(C)c1ccc(cc1)CN1CCN(CC1)C(c1ccccc1)c1ccc(cc1)Cl,6729,433,2,0,7.1,0,6.5,6,1,,7929,,,
C[C@H]1C[C@H]2[C@@H]3CC[C@](O)(C(=O)CO)[C@@]3(C)C[C@H](O)[C@@H]2[C@@]2(C)C=CC(=O)C=C12,6741,374.5,5,3,1.9,0,94.8,2,1,,7997,,,
CC(=O)OCCN1CCN(CCCN2c3ccccc3Sc3ccc(cc23)Cl)CC1,6762,446,6,0,4.8,0,61.3,8,1,,8003,,,
CN1C(=O)CC(C1=O)c1ccccc1,6839,189.21,2,0,0.8,0,37.4,1,1,,8024,,,
CN(C)CCO,7902,89.14,2,1,-0.4,0,23.5,2,1,,8038,,,
C=COC=C,8024,70.09,1,0,1.3,0,9.2,2,1,,8058,,,
CC[C@H]1OC(=O)[C@H](C)[C@@H](O[C@H]2C[C@@](C)(OC)[C@@H](O)[C@H](C)O2)[C@H](C)[C@@H](O[C@H]2O[C@@H](C)C[C@H]([C@@H]2O)N(C)C)[C@](C)(O)C[C@@H](C)C(=O)[C@H](C)[C@@H](O)[C@]1(C)O,8233,733.9,14,5,2.7,0,194,7,0,,8078,,,
CCS(=O)(=O)C(C)(C)S(=O)(=O)CC,8262,228.3,4,0,0.4,0,85,4,1,,8125,,,
CCC1(C(=O)NC(=O)N(C)C1=O)c1ccccc1,8271,246.26,3,1,1.8,0,66.5,2,1,,8141,,,
CCC(C)C1(CC=C)C(=O)NC(=O)NC1=O,8275,224.26,3,2,1.4,0,75.3,4,1,,8252,,,
CCC1(C)OC(=O)N(C)C1=O,8280,157.17,3,0,0.8,0,46.6,1,1,,8262,,,
Oc1ccccc1C(=O)Oc1ccccc1,8361,214.22,3,1,3.8,0,46.5,3,1,,8271,,,
CCC(N)Cc1c[nH]c2ccccc12,8367,188.27,1,2,2.5,0,41.8,3,1,,8275,,,
ClCCC1NC(=O)c2ccccc2O1,8602,211.64,2,1,2.1,0,38.3,2,1,,8280,,,
Nc1cccc(c1)N1C=CC=CC1=O,8641,186.21,2,1,1.3,0,46.3,1,1,,8361,,,
NS(=O)(=O)c1ccc(cc1)C(O)=O,8739,201.2,5,2,0.5,0,106,2,1,,8441,,,
CCOC(=O)C1(CCN(CCc2ccc(cc2)N)CC1)c1ccccc1,8944,352.5,4,1,3.7,0,55.6,7,1,,8522,,,
CC(=O)[C@H]1CC[C@H]2[C@@H]3CC=C4C[C@@H](O)CC[C@]4(C)[C@H]3CC[C@@]21C,8955,316.5,2,1,4.2,0,37.3,1,1,,8641,,,
CCOc1ccc2ccccc2c1C(=O)N[C@H]1[C@H]2SC(C)(C)[C@@H](N2C1=O)C(O)=O NAFCILLIN,8982,414.5,6,2,2.9,0,121,5,0,,8723,,,
CCC#CC(C)C1(CC=C)C(=O)NC(=O)N(C)C1=O,9034,262.3,3,1,2.3,0,66.5,3,1,,8739,,,
CCN(CC)CCOC(=O)C(O)(c1ccccc1)c1ccccc1,9330,327.4,4,1,2.6,0,49.8,9,1,,8857,,,
NC(=O)C1(CCN(CC1)CCC(C#N)(c1ccccc1)c1ccccc1)N1CCCCC1,9331,430.6,4,1,3.7,0,73.4,7,1,,8900,,,
ClCCC(=O)NCCc1ccccc1,9376,211.69,1,1,2,0,29.1,5,1,,8942,,,
OCCN1CCN(CCCN2c3ccccc3C=Cc3ccccc23)CC1,9417,363.5,4,1,3.6,0,30,6,1,,8944,,,
CN(C)CCN1C(=O)c2ccccc2N(C)c2ccccc12,9419,295.4,3,0,2.7,0,26.8,3,1,,9321,,,
CN1CCN(CCCN2c3ccccc3Sc3ccc(cc23)S(=O)(=O)N(C)C)CC1,9429,446.6,7,0,3.7,0,80.8,6,1,,9330,,,
CC1=Nc2ccccc2C(=O)N1c1ccccc1Cl,9567,270.71,2,0,2.8,0,32.7,1,1,,9376,,,
CC(CN1CCOCC1)C(C(=O)N1CCCC1)(c1ccccc1)c1ccccc1,9648,392.5,3,0,3.8,0,32.8,6,1,,9417,,,
CCC1(CC)C(=O)NC(=O)N(C1=O)c1ccccc1,9650,260.29,3,1,2.7,0,66.5,3,1,,9419,,,
COc1ccc2c3c1O[C@H]1C[C@@H](O)C=C[C@]13CCN(C)C2,9651,287.35,4,1,1.8,0,41.9,1,1,,9429,,,
NC(=O)OC1(CCCCC1)CC#C,9661,181.23,2,1,1.7,0,52.3,3,1,,9567,,,
CNC(C)C(O)c1ccc(cc1)O HYDROXYEPHEDRINE,9701,181.23,3,3,0.6,0,52.5,3,0,,9648,,,
C[C@H]1C[C@H]2[C@@H]3CCC4=CC(=O)C=C[C@]4(C)[C@@]3(F)[C@@H](O)C[C@]2(C)[C@@]1(O)C(=O)CO,9782,392.5,6,3,1.9,0,94.8,2,1,,9650,,,
COc1cc(cc(c1OC)OC)C(=O)OCCN1CCN(CCCN2c3ccccc3Sc3ccc(cc32)Cl)CC1,9800,598.2,9,0,6.3,0,89,12,1,,9664,,,
FC(F)(F)COC=C,9844,126.08,4,0,1.9,0,9.2,2,1,,9800,,,
C[C@H]1C[C@H]2[C@@H]3CC[C@](O)(C(C)=O)[C@@]3(C)C[C@H](O)[C@]2(F)[C@@]2(C)C=CC(=O)C=C12,9878,376.5,5,2,2,0,74.6,1,1,,9844,,,
CCC(=O)C(C(C)CN(C)C)(c1ccccc1)c1ccccc1,10072,309.4,2,0,4.4,0,20.3,7,1,,10072,,,
OC(C1CCCCN1)(c1ccccc1)c1ccccc1,10083,267.4,2,2,3,0,32.3,3,1,,10090,,,
CCC(=O)C(CCN(C)C)(c1ccccc1)c1ccccc1,10090,295.4,2,0,3.5,0,20.3,7,1,,10101,,,
CCC(=O)O[C@@](Cc1ccccc1)([C@H](C)CN(C)C)c1ccccc1,10100,339.5,3,0,4.2,0,29.5,9,1,,10253,,,
CCC(=O)C1(CCN(C)CC1)c1cccc(c1)O,10101,247.33,3,1,1,0,40.5,3,1,,10257,,,
CC(C)C1(OCC(CO)O1)C(C)C,10105,188.26,3,1,1.7,0,38.7,3,1,,10391,,,
CC[C@H]1CN2CCc3cc(c(cc3[C@@H]2C[C@@H]1C[C@H]1NCCc2cc(c(cc12)OC)OC)OC)OC,10219,480.6,6,1,4.7,0,52.2,7,0,,10518,,,
CCCCSc1ccc(cc1)C(SCCN(C)C)c1ccccc1,10240,359.6,3,0,5.9,0,53.8,10,1,,10612,,,
ClCCC(=O)NCc1ccccc1,10391,197.66,1,1,1.7,0,29.1,4,1,,10624,,,
CCC(OC(C)=O)C(CC(C)N(C)C)(c1ccccc1)c1ccccc1,10517,353.5,3,0,4.3,0,29.5,9,1,,10675,,,
CCC1(C(=O)NC(=O)NC1=O)C1=CCCCCC1,10518,250.29,3,2,2,0,75.3,2,1,,10783,,,
CN(C)CCn1cnc2c1C(=O)N(C)C(=O)N2C,10612,251.29,4,0,-0.5,0,61.7,3,1,,10836,,,
CN(C)CCc1c[nH]c2cccc(c12)OP(O)(O)=O,10624,284.25,5,3,-1.6,0,85.8,5,1,,11507,,,
Clc1cccc(c1)N1CCN(CCCN2C(=O)Nc3ccccc3C2=O)CC1,10675,398.9,4,1,3.2,0,55.9,5,1,,11582,,,
CC1OC(=O)N(CC=C)C1=O,10683,155.15,3,0,0.8,0,46.6,2,1,,11594,,,
Cc1ncsc1CCCl,10783,161.65,2,0,2.1,0,41.1,2,1,,12124,,,
CN[C@@H](C)Cc1ccccc1,10836,149.23,1,1,2.1,0,12,3,1,,12348,,,
CCOC(=O)NC(O)C(Cl)(Cl)Cl,10944,236.48,3,2,1.8,0,58.6,3,1,,12418,,,
CC(=O)[C@@]1(O)[C@H](O)C[C@H]2[C@@H]3CCC4=CC(=O)CC[C@]4(C)[C@H]3CC[C@@]21C,11687,346.5,4,2,2.7,0,74.6,1,1,,12478,,,
CC(=O)Nc1cccc(c1)O,12124,151.16,2,2,0.7,0,49.3,1,1,,12512,,,
COc1cc(cc(c1OC)OC)C(=O)N1CCOCC1,12478,281.3,5,0,0.9,0,57.2,4,1,,12598,,,
CCCC(=O)c1ccc2c(c1)N(CCCN1CCN(C)CC1)c1ccccc1S2,12598,409.6,5,0,5,0,52.1,7,1,,12938,,,
CN(C)C1=NC(=O)C(O1)c1ccccc1,12602,204.22,2,0,1.5,0,41.9,2,1,,13086,,,
COC(F)(F)C(F)Br,12676,192.96,4,0,2.1,0,9.2,2,1,,13122,,,
CCC1(C(=O)NC(=O)N(C(=O)c2ccccc2)C1=O)c1ccccc1,12938,336.3,4,1,3.3,0,83.6,3,1,,13129,,,
Cc1cccc(c1NC(=O)c1ccc(cc1)N)C,13086,240.3,2,2,2.2,0,55.1,2,1,,13379,,,
CC(=O)NCC1(CCN(CCCC(=O)c2ccc(cc2)F)CC1)c1ccccc1,13122,396.5,4,1,3.6,0,49.4,8,1,,13381,,,
FCC(F)(F)F,13129,102.03,4,0,1.7,0,0,0,1,,13743,,,
CN1C(=O)C(O)N=C(c2ccccc2Cl)c2cc(ccc21)Cl,13314,335.2,3,1,2.4,0,52.9,1,1,,13756,,,
COc1ccccc1N1CCN(CCCC(O)c2ccc(cc2)F)CC1,13333,358.4,5,1,3.5,0,35.9,7,1,,13883,,,
CCCCC1(CCOC(N)=O)C(=O)NC(=O)NC1=O,13743,271.27,5,3,0.5,0,128,7,1,,13923,,,
[O-][N+]1=C(c2ccccc2)c2cc(ccc2NC(=O)C1)Cl,13756,286.71,3,1,2.3,0,52.9,1,1,,14052,,,
Oc1ccccc1c1ocnn1,13883,162.15,4,1,1.1,0,59.2,1,1,,14190,,,
N\C(=N)\NCCCOc1ccccc1,13923,193.25,2,2,1.1,0,73.6,5,1,,14380,,,
Cc1ncc(c(c1O)CO)CSSCc1cnc(c(c1CO)O)C,14190,368.5,8,4,1.2,0,157,7,1,,14670,,,
CCCC(N1CCCC1)C(=O)c1ccc(cc1)C,14373,245.36,2,0,3.8,0,20.3,5,1,,15004,,,
Nc1ccc(cc1)S(=O)(=O)N1CC2CCC(CC2)C1,14380,280.39,4,1,1.9,0,71.8,2,1,,15130,,,
CCNC1C2CCC(C2)C1c1ccccc1,14584,215.33,1,1,3.3,0,12,3,1,,15139,,,
CCCC(Cc1ccccc1)N1CCCC1,14592,217.35,1,0,4,0,3.2,5,1,,15330,,,
CN(C)CCCN1c2ccccc2Sc2cccnc12,14670,285.4,4,0,3.4,0,44.7,4,1,,15387,,,
CC1C2Cc3ccc(cc3C1(C)CCN2CCc1ccccc1)O,14707,321.5,2,1,3.8,0,23.5,3,1,,15413,,,
CN[C@H](CC(C)C)C(=O)N[C@@H]1[C@H](O)c2ccc(c(c2)Cl)Oc2cc3cc(c2O[C@@H]2O[C@H](CO)[C@@H](O)[C@H](O)[C@H]2O[C@H]2C[C@](C)(N)[C@H](O)[C@H](C)O2)Oc2ccc(cc2Cl)[C@@H](O)[C@@H]2NC(=O)[C@H](NC(=O)[C@@H]3NC(=O)[C@H](CC(N)=O)NC1=O)c1ccc(c(c1)c1c(cc(cc1[C@H](NC2=O)C(O)=O)O)O)O VANCOMYCIN,14969,1449.2,26,19,-2.6,0,531,13,0,,15443,,,
CCC1NC(=O)C(NC(=O)c2ncccc2O)C(C)OC(=O)C(NC(=O)C2CC(=O)CCN2C(=O)C(Cc2ccc(cc2)N(C)C)N(C)C(=O)C2CCCN2C1=O)c1ccccc1,14974,867,12,4,2.8,0,228,7,0,,15600,,,
CC(C)CCC[C@@H](C)CCC[C@@H](C)CCC[C@]1(C)CCc2c(c(c(c(c2O1)C)C)O)C,14985,430.7,2,1,10.7,0,29.5,12,1,,15723,,,
CCCOC(=O)Cc1ccc(c(c1)OC)OCC(=O)N(CC)CC,15004,337.4,5,0,2.8,0,65.1,11,1,,16106,,,
COc1ccccc1N1CCN(CCCC(=O)c2ccc(cc2)F)CC1,15139,356.4,5,0,3.6,0,32.8,7,1,,16229,,,
CC1CCN(CCCC(=O)c2ccc(cc2)F)CC1,15387,263.35,3,0,3.3,0,20.3,5,1,,16231,,,
Fc1ccc(cc1)C(=O)CCCN1CCN(CC1)c1ccccn1,15443,327.4,5,0,3.3,0,36.4,6,1,,16351,,,
Cc1cc(cc(c1)OCC1CNC(=O)O1)C,15459,221.25,3,1,2.2,0,47.6,3,1,,16362,,,
OC(C1CCNCC1)(c1ccccc1)c1ccccc1,15723,267.4,2,2,2.9,0,32.3,3,1,,16363,,,
CN1CCN(CC1)C1=Nc2ccccc2Cc2ccccc21,16106,291.4,2,0,2.8,0,18.8,1,1,,16426,,,
CCN(CCO)CCn1c(nc2c1C(=O)N(C)C(=O)N2C)Cc1ccccc1,16229,385.5,5,1,1.2,0,81.9,8,1,,16622,,,
N\C(=N)\NC(=O)c1nc(c(nc1N)N)Cl,16231,229.63,5,4,-0.7,0,159,1,0,,17298,,,
CN1CCN(CC1)C1=Nc2ccccc2Sc2ccc(cc12)Cl,16351,343.9,3,0,3.6,0,44.1,1,1,,17358,,,
Fc1ccc(cc1)C(CCCN1CCC(CC1)N1C(=O)Nc2ccccc12)c1ccc(cc1)F,16362,461.5,4,1,6.3,0,35.6,7,1,,17676,,,
Fc1ccc(cc1)C(=O)CCCN1CCC(CC1)N1C(=O)Nc2ccccc12,16363,381.4,4,1,3.7,0,52.6,6,1,,17860,,,
CC(=O)Nc1ccc(cc1)OC(C)(C)C,16426,207.27,2,1,2.4,0,38.3,3,1,,17925,,,
CCCCC(=O)O[C@@]1([C@@H](C)C[C@H]2[C@@H]3CCC4=CC(=O)C=C[C@]4(C)[C@@]3(F)[C@@H](O)C[C@@]21C)C(=O)CO,16533,476.6,7,2,3.6,0,101,7,1,,17928,,,
CCNC1(CCCCC1)c1ccccc1,16622,203.32,1,1,3.3,0,12,3,1,,17931,,,
C[C@@]12CCC(=O)C=C2CC[C@H]2[C@@H]3CC[C@](O)(C(=O)COC(=O)CCC(O)=O)[C@@]3(C)C[C@H](O)[C@@H]21,16623,462.5,8,3,1.8,0,138,7,1,,18104,,,
CCOC(=O)N(Cc1ccccc1)C1CC1,17298,219.28,2,0,2.5,0,29.5,5,1,,18508,,,
CC(O)CC1(CC=C)C(=O)NC(=O)NC1=O,17336,226.23,4,3,0.2,0,95.5,4,1,,18591,,,
CC(=O)c1ccc2c(c1)N(CCCN1CCN(CCO)CC1)c1ccccc1S2,17676,411.6,6,1,2.6,0,72.3,7,1,,18622,,,
Cc1nccnc1N1CCCCC1,17860,177.25,3,0,1.5,0,29,1,1,,18847,,,
Clc1ccc2c(c1)C(=NCC(=O)N2)c1ccccc1Cl,17925,305.2,2,1,3.1,0,41.5,1,1,,19063,,,
O=C1CCC2(CCC(=O)c3ccccc32)C(=O)N1,17928,243.26,3,1,0.7,0,63.2,0,1,,19607,,,
CN1C(=S)CN=C(c2ccccc2)c2cc(ccc21)Cl,17931,300.8,2,0,3.6,0,47.7,1,1,,19675,,,
CCC(=O)c1ccc2c(c1)N(CCCN1CCN(CCO)CC1)c1ccccc1S2,18104,425.6,6,1,3.1,0,72.3,8,1,,19687,,,
Cc1onc(c1C(=O)N[C@H]1[C@H]2SC(C)(C)[C@@H](N2C1=O)C(O)=O)c1c(cccc1Cl)Cl DICLOXACILLIN,18381,470.3,7,2,2.9,0,138,4,0,,20266,,,
Fc1ccc(cc1)C(=O)CCCN1CCN2CCCC2C1,18484,290.38,4,0,2.4,0,23.6,5,1,,20313,,,
CCOC(=O)NNC(C)c1ccccc1,18608,208.26,3,2,2,0,50.4,5,1,,20674,,,
O=C1NCNC1(c1ccccc1)c1ccccc1,18622,238.28,2,2,2.2,0,41.1,2,1,,20787,,,
COc1ccc2c(c1)N(CCCN(C)C)c1ccccc1S2,18847,314.4,4,0,4.9,0,41,5,1,,20883,,,
CC1(C)S[C@@H]2[C@H](NC(=O)C3(N)CCCCC3)C(=O)N2[C@H]1C(O)=O CYCLACILLIN,19003,341.4,6,3,1.3,0,138,3,0,,21087,,,
CC(C)NNC(=O)COc1ccc(cc1)Cl,19063,242.7,3,2,2,0,50.4,5,1,,21102,,,
CC(CC(C)(C)O)OC(O)C(Cl)(Cl)Cl,19094,265.6,3,2,2.1,0,49.7,4,1,,21693,,,
NC(=O)OC(C#C)c1ccccc1,19111,175.18,2,1,1.6,0,52.3,3,1,,21722,,,
CCCCNCC1COc2cccc(c2O1)OCC,19127,265.35,4,1,2.9,0,39.7,7,1,,21770,,,
CC1C2Cc3ccc(cc3C1(C)CCN2CC1CC1)O,19143,271.4,2,1,2.6,0,23.5,2,1,,21772,,,
CC(=O)OCC1=C(N2[C@H](SC1)[C@H](NC(=O)[C@H](N)c1ccccc1)C2=O)C(O)=O CEFALOGLYCIN,19150,405.4,8,3,-3,0,164,7,0,,21851,,,
CCC1(OCC(O1)C1CCCCN1)c1ccccc1,19324,261.36,3,1,2.6,0,30.5,3,1,,21908,,,
CN(C)CC(CN1c2ccccc2Sc2ccccc21)N(C)C,19392,327.5,4,0,4.8,0,35,5,1,,21950,,,
CC(CN(C)C)CN1c2ccccc2S(=O)(=O)c2ccccc12,19396,330.4,4,0,3.4,0,49,4,1,,22047,,,
CC(Cc1ccccc1)NCCn1cnc2c1C(=O)N(C)C(=O)N2C,19527,341.4,4,1,1.4,0,70.5,6,1,,23483,,,
CCC(=O)C1(CCN(CCCC(=O)c2ccc(cc2)F)CC1)N1CCCCC1,19607,388.5,5,0,3.3,0,40.6,8,1,,23573,,,
CN[C@H]1[C@H](O)[C@@H](O)[C@H](CO)O[C@H]1O[C@H]1[C@@H](O[C@@H](C)[C@]1(O)C=O)O[C@H]1[C@H](O)[C@@H](O)[C@H](N/C(/N)=N)[C@@H](O)[C@@H]1N/C(/N)=N STREPTOMYCIN,19649,581.6,15,12,-8,0,336,9,0,,23603,,,
CC(=O)c1ccc2c(c1)N(CCCN1CCC(CCO)CC1)c1ccccc1S2,19675,410.6,5,1,4,0,69.1,7,1,,23728,,,
OCCN1CCCN(CCCN2c3ccccc3Sc3ccc(cc23)C(F)(F)F)CC1,19687,451.5,8,1,4.7,0,55.2,6,1,,23878,,,
CCC(C)C(CC)C(N)=O,20140,143.23,1,1,1.9,0,43.1,4,1,,23896,,,
NC(CC=C)Cc1ccccc1,20254,161.24,1,1,2.5,0,26,4,1,,23914,,,
CCCCNC(=O)OCC(C)(CCC)COC(N)=O,20266,274.36,4,2,2.4,0,90.6,11,1,,25215,,,
C[N+](C)([O-])CCC=C1c2ccccc2CCc2ccccc12,20313,293.4,1,0,4.5,0,18.1,3,1,,25255,,,
CCC(C(=O)OCCN1CCOC(C1C)c1ccccc1)c1ccccc1,20395,367.5,4,0,4.3,0,38.8,8,1,,25293,,,
C[C@H]1C[C@H]2[C@@H]3CCC4=CC(=O)C=C[C@]4(C)[C@@]3(Cl)[C@@H](O)C[C@]2(C)[C@@]1(O)C(=O)CO,20469,408.9,5,3,2.2,0,94.8,2,1,,25382,,,
CCCCNCC1COc2ccccc2O1,20504,221.29,3,1,2.5,0,30.5,5,1,,25431,,,
OC(C(=O)OCCN1CCCCC1)(c1ccccc1)c1ccccc1,20674,339.4,4,1,3.5,0,49.8,7,1,,25904,,,
OCCOC(=O)NCc1ccccc1,20787,195.21,3,2,0.8,0,58.6,5,1,,26369,,,
CCCCCCC(C)NN,20811,144.26,2,2,2.4,0,38,6,1,,26388,,,
CC1(C)S[C@@H]2[C@H](NC(=O)C(C(O)=O)c3ccccc3)C(=O)N2[C@H]1C(O)=O CARBENICILLIN,20824,378.4,7,3,1.1,0,149,5,0,,26533,,,
CN(C)CCCN1C(=O)N(c2ccccc2)c2cc(ccc12)Cl,20883,329.8,2,0,2.9,0,26.8,5,1,,26650,,,
CN(C)CCON=C1c2ccccc2CCc2ccccc12,21087,294.4,3,0,4.3,0,24.8,4,1,,26879,,,
CC(=O)Nc1ccc(cc1)OC(=O)c1ccccc1OC(C)=O,21102,313.3,5,1,2.2,0,81.7,6,1,,26929,,,
Cc1onc(c1C(=O)N[C@H]1[C@H]2SC(C)(C)[C@@H](N2C1=O)C(O)=O)c1c(cccc1Cl)F FLUCLOXACILLIN,21319,453.9,8,2,2.6,0,138,4,0,,27400,,,
CN(C)CCCC1c2ccccc2Nc2ccc(cc12)Cl,21382,300.8,2,1,4.6,0,15.3,4,1,,27453,,,
COC(=O)c1cncn1C(C)c1ccccc1,21474,230.26,3,0,2.7,0,44.1,4,1,,27761,,,
Fc1ccc(cc1)C(CCCN1CCN(CCNc2ccccc2)CC1)c1ccc(cc1)F,21693,449.6,5,1,6.1,0,18.5,10,1,,27918,,,
CCC(=O)OCC(=O)[C@@]1(OC(=O)CC)[C@@H](C)C[C@H]2[C@@H]3CCC4=CC(=O)C=C[C@]4(C)[C@@]3(Cl)[C@@H](O)C[C@@]21C,21700,521,7,1,3,0,107,8,1,,28315,,,
CN(C)CCCn1c2c(c3ccccc13)CCCCCC2,21722,284.4,1,0,4.6,0,8.2,4,1,,28329,,,
NC(=O)c1cc[n+](cc1)CC1=C(N2[C@H](SC1)[C@H](NC(=O)Cc1sccc1)C2=O)C([O-])=O CEFALONIUM,21743,458.5,7,2,0.7,0,190,6,0,,28424,,,
C(Cc1cn(c2ccccc12)Cc1ccccc1)c1ccncc1,21770,312.4,1,0,4.7,0,17.8,5,1,,28425,,,
CC(CC1c2ccccc2CCc2ccccc12)CN(C)C,21772,293.4,1,0,5.1,0,3.2,4,1,,28554,,,
NC1CCCC1c1ccccc1,21786,161.24,1,1,1.9,0,26,1,1,,28690,,,
CC1NC(=O)COC1c1ccccc1,21789,191.23,2,1,1.2,0,38.3,1,1,,28692,,,
CCC(=O)OCC(=O)[C@@]1(OC(=O)CC)[C@@H](C)C[C@H]2[C@@H]3CCC4=CC(=O)C=C[C@]4(C)[C@@]3(F)[C@@H](O)C[C@@]21C,21800,504.6,8,1,3.6,0,107,8,1,,28876,,,
CC(C)(C)CC(=O)OCC(=O)[C@]12OC(C)(C)O[C@@H]2C[C@H]2[C@@H]3CCC4=CC(=O)C=C[C@]4(C)[C@@]3(F)[C@@H](O)C[C@@]21C,21826,532.6,8,1,4.8,0,99.1,6,1,,29083,,,
ClC(Cl)(Cl)COC(=O)OCC(Cl)(Cl)Cl,21851,324.8,3,0,4.2,0,35.5,4,1,,30019,,,
CCC1(N(C)C(=O)NC1=O)c1ccccc1,21908,218.25,2,1,1.5,0,49.4,2,1,,30429,,,
CN(C)CCOC(c1ccccc1)c1ccccc1C(C)(C)C,21916,311.5,2,0,5.1,0,12.5,7,1,,30487,,,
CCOC(=O)C1(CCN(CCCNc2ccccc2)CC1)c1ccccc1,21950,366.5,4,1,4.5,0,41.6,9,1,,30630,,,
CN1CCN(CC1)C1=Nc2ccccc2Sc2ccc(cc12)C,22047,323.5,3,0,3.3,0,44.1,1,1,,31075,,,
CN(C)CCN1C(=O)CC(Sc2ccccc12)c1ccccc1,22107,326.5,3,0,3.1,0,48.8,4,1,,31157,,,
CC[C@@H](OC(C)=O)C(C[C@@H](C)N(C)C)(c1ccccc1)c1ccccc1,22308,353.5,3,0,4.3,0,29.5,9,1,,31264,,,
OC(C1CC1c1ccncc1)(c1ccccc1)c1ccccc1,23287,301.4,2,1,3.6,0,33.1,4,1,,31272,,,
CO[C@H]1C=CO[C@@]2(C)Oc3c(c(c4c(c(cc(c4c3C2=O)O)NC(=O)C(=CC=C[C@H](C)[C@H](O)[C@@H](C)[C@@H](O)[C@@H](C)[C@H](OC(C)=O)[C@@H]1C)C)O)O)C RIFAMYCIN,23429,697.8,12,6,4.9,0,201,3,0,,31276,,,
CN(C)c1cnccn1,23483,123.16,3,0,0.9,0,29,1,1,,31285,,,
CNCCCC1(OC(C)(C)c2ccccc12)c1ccccc1,23573,295.4,2,1,3.5,0,21.3,5,1,,31373,,,
NC(=O)C1c2ccccc2CCc2ccccc21,23603,237.3,1,1,2.4,0,43.1,1,1,,31423,,,
CN(C)CCN1CCN(C1=O)c1cccc(c1)Cl,23728,267.75,2,0,1.7,0,26.8,4,1,,31640,,,
CN(C)CCC1(C=Cc2ccccc12)c1ccccc1,23878,263.4,1,0,4.6,0,3.2,4,1,,31707,,,
CN1CCN(CCN2CCN(CCCN3c4ccccc4Sc4ccc(cc34)Cl)CC2)C1=O,23896,486.1,5,0,4.2,0,58.6,7,1,,31740,,,
CCc1c([nH]c2c1C(=O)C(CC2)CN1CCOCC1)C,23897,276.37,3,1,1.7,0,45.3,3,1,,32049,,,
CCc1ccccc1N1C(=Nc2ccccc2C1=O)C,23914,264.32,2,0,2.9,0,32.7,2,1,,32068,,,
CN1C(=O)CN2CCc3ccccc3C2c2cc(ccc21)Cl,24107,312.8,2,0,3.3,0,23.6,0,1,,32226,,,
CN1C(=O)CN=C(C2=CCCCC2)c2cc(ccc12)Cl,25215,288.77,2,0,3.2,0,32.7,1,1,,32345,,,
NC(=O)C1c2ccccc2C=Cc2ccccc21,25255,235.28,1,1,2.9,0,43.1,1,1,,32593,,,
OC1(CCN(CCCC(=O)c2ccc(cc2)F)CC1)c1ccc(c(c1)C(F)(F)F)Cl,25293,443.9,7,1,4.1,0,40.5,6,1,,32940,,,
CNCCOC(c1ccccc1)c1ccccc1C,25315,255.35,2,1,3.3,0,21.3,6,1,,33014,,,
CN(C)CCC=C1c2ccccc2C(C)(C)c2ccccc12,25382,291.4,1,0,5.6,0,3.2,3,1,,33471,,,
CN1N=C(N(C)C1=S)c1cccc(c1)F,25431,223.27,3,0,1.9,0,50.9,1,1,,33474,,,
CCCCOCC(CN1C(=O)NC(=O)C(CC)(C1=O)c1ccccc1)OC(N)=O,25803,405.4,6,2,2.3,0,128,11,1,,33630,,,
CCN(CC)CCOC1(CCCCC1)c1ccc(cc1)Cl,25904,309.9,2,0,4.6,0,12.5,7,1,,33746,,,
CC(CN1c2ccccc2Sc2ccc(cc21)C(C)=O)N(C)C,26035,326.5,4,0,4.3,0,48.8,4,1,,33925,,,
CCCC(=O)O[C@@]1(CC[C@H]2[C@@H]3CCC4=CC(=O)CC[C@]4(C)[C@H]3[C@@H](O)C[C@@]21C)C(=O)CO,26133,432.5,6,2,3.2,0,101,6,1,,34154,,,
CC(C)(O)C(C)(O)c1cccc(c1)Cl,26369,214.69,2,2,1.8,0,40.5,2,1,,34274,,,
CS(=O)(=O)c1ccc2c(c1)N(CCCN1CCC(CC1)C(N)=O)c1ccccc1S2,26388,445.6,6,1,3.1,0,117,6,1,,34312,,,
CSc1ccc2c(c1)N(CC(C)CN(C)C)c1ccccc1S2,26430,344.5,4,0,5.2,0,57.1,5,1,,34624,,,
O=C1CCC(N2C(=O)C3C4CCC(C4)C3C2=O)C(=O)N1,26516,276.29,4,1,0.1,0,83.6,1,1,,34756,,,
CCNC1(CCCCC1=O)c1sccc1,26533,223.34,3,1,2,0,57.3,3,1,,34787,,,
COc1cc(cc(c1OC)OC)C(=O)N1CCCCCCC1,26650,307.4,4,0,3,0,48,4,1,,34870,,,
C[C@H](Cc1ccccc1)N(C)CC#C,26757,187.28,1,0,2.8,0,3.2,4,1,,35758,,,
CC(Cc1ccccc1)N(C)Cc1occc1,26762,229.32,2,0,3.2,0,16.4,5,1,,35775,,,
CCCCCCCCCCOc1c(cc(cc1OC)C(N)=O)OC,26929,337.5,4,1,5.2,0,70.8,13,1,,36109,,,
CS(=O)(=O)c1ccc(cc1)[C@@H](O)[C@@H](CO)NC(=O)C(Cl)Cl,27200,356.2,5,3,-0.3,0,112,6,1,,36834,,,
Clc1ccc(cc1)C12CC2C(=O)NC1=O,27361,221.64,2,1,1.3,0,46.2,1,1,,37015,,,
CN1CCC(CC1)=C1c2ccsc2CCc2ccccc12,27400,295.4,2,0,3.8,0,31.5,0,1,,37114,,,
CC1=C(N2[C@H](SC1)[C@H](NC(=O)[C@H](N)c1ccccc1)C2=O)C(O)=O CEFALEXIN,27447,347.4,6,3,0.6,0,138,4,0,,37183,,,
[O-][N+]1=C(c2ccccc2)c2cc(ccc2N=C(C1)NCC1CC1)Cl,27452,339.8,3,1,3.1,0,48.2,3,1,,37614,,,
CCC(CC)(CNC(=O)CCCO)c1cccc(c1)OC,27453,293.4,3,2,2.7,0,58.6,9,1,,37632,,,
CCC(C)C(C(=O)OC1CC[N+](C)(C)CC1)c1ccccc1 PENTAPIPERIUM,27490,304.4,2,0,4.2,1,26.3,6,0,,37767,,,
CCN(CC)c1ccc(c(c1)C)NC(=O)c1ccccc1N,27761,297.4,3,2,3.8,0,58.4,5,1,,37825,,,
NNC(=O)CP(=O)(c1ccccc1)c1ccccc1,27918,274.25,3,2,1.1,0,72.2,4,1,,37906,,,
CO[C@H]1[C@@H](CC(=O)O[C@H](C)CC=CC=C[C@H](O)[C@H](C)C[C@H](CC=O)[C@@H]1O[C@@H]1O[C@H](C)[C@@H](O[C@H]2C[C@@](C)(O)[C@@H](OC(=O)CC(C)C)[C@H](C)O2)[C@@H]([C@H]1O)N(C)C)OC(C)=O JOSAMYCIN,28107,828,16,3,2.9,0,206,14,0,,38361,,,
CCN(CC)CCn1cnc2c1C(=O)N(C)C(=O)N2C,28329,279.34,4,0,0.3,0,61.7,5,1,,38706,,,
OCCCN1CCN(CCCC2c3ccccc3Sc3ccc(cc23)Cl)CC1,28361,417,4,1,4.6,0,52,7,1,,39187,,,
CN(C)CCCN1c2ccccc2CC(=O)c2ccccc12,28424,294.4,3,0,3.4,0,23.6,4,1,,39912,,,
CNCC12CCC(c3ccccc13)c1ccccc12,28425,249.3,1,1,3.7,0,12,2,1,,40029,,,
CCN(CC)CCNC(=O)COc1ccc(cc1)Cl,28554,284.78,3,1,2.6,0,41.6,8,1,,40460,,,
CC(Cc1ccccc1)NC(C#N)c1ccccc1,28615,250.34,2,1,3.7,0,35.8,5,1,,40589,,,
FC(F)(F)c1ccc2c(c1)N(CCCN1CCN(CC1)C1CC1)c1ccccc1S2,28690,433.5,7,0,5.6,0,35,5,1,,40903,,,
CN(C)CCCN1C(=O)c2ccccc2c2ccccc12,28692,280.4,2,0,3,0,23.6,4,1,,41536,,,
CNCCON=C1c2ccccc2C=Cc2ccccc12,28876,278.3,3,1,4,0,33.6,4,1,,41693,,,
CCC[C@@H]1C[C@H](N(C)C1)C(=O)NC(C(C)Cl)[C@H]1O[C@H](SC)[C@H](O)[C@@H](O)[C@H]1O CLINDAMYCIN,29029,425,7,4,2.2,0,128,7,0,,41967,,,
NC(=O)CN1Cc2ccccc2OC1=O,29083,206.2,3,1,0.2,0,72.6,2,1,,42153,,,
CCOC(=O)[C@@]1(CCC=C[C@H]1N(C)C)c1ccccc1,30131,273.37,3,0,3.1,0,29.5,5,1,,42510,,,
COc1cccc2c1C(=O)c1c(c3c(c(c1C2=O)O)C[C@](O)(C[C@@H]3O[C@H]1C[C@H](N)[C@H](O)[C@H](C)O1)C(C)=O)O,30323,527.5,11,5,1.8,0,186,4,0,,42884,,,
CC(C)NC(=O)OC1CCN(CCCC(=O)c2ccc(cc2)F)CC1,30429,350.4,5,1,3.1,0,58.6,8,1,,43215,,,
C[C@H]1[C@@H](OCCN1C)c1ccccc1,30487,191.27,2,0,1.9,0,12.5,1,1,,43473,,,
CC1(C)OC(=O)Nc2ccc(cc12)Br,30630,256.1,2,1,2.4,0,38.3,0,1,,43876,,,
CC(=O)OCC1=C(N2[C@H](SC1)[C@H](NC(=O)CSc1ccncc1)C2=O)C(O)=O CEFAPIRIN,30699,423.5,9,2,-1.1,0,177,8,0,,43961,,,
CN(C)CCC(C1CCCCC1)c1ccccc1,31041,245.4,1,0,5.1,0,3.2,5,1,,44115,,,
CNCCCC1(C)C(=O)N(c2ccccc2)c2ccccc12,31075,294.4,2,1,3.2,0,32.3,5,1,,44571,,,
CC1CN(C)CC2Cc3c(ccc4ccccc34)OC12O,31117,283.4,3,1,3.3,0,32.7,0,1,,44668,,,
CN1C(=O)CC(=O)N(c2ccccc2)c2cc(ccc21)C(F)(F)F,31157,334.29,5,0,2.4,0,40.6,1,1,,46516,,,
CC1OC(C)OC(C)O1,31264,132.16,3,0,0.7,0,27.7,0,1,,47207,,,
FC(Br)C(F)(F)F,31300,180.93,4,0,2.6,0,0,0,1,,49381,,,
C[C@@]12C[C@H](O)[C@@]3(F)[C@@H](CCC4=CC(=O)C=C[C@@]43C)[C@@H]2C[C@@H](O)[C@]1(O)C(=O)CO,31307,394.4,7,4,1.2,0,115,2,1,,50001,,,
CCCC1OC1(CC)C(N)=O,31365,157.21,2,1,0.9,0,55.6,4,1,,51081,,,
C[C@@]12C[C@H](O)[C@@]3(F)[C@@H](CCC4=CC(=O)CC[C@@]43C)[C@@H]2CC[C@]1(O)C(=O)CO,31378,380.4,6,3,1.7,0,94.8,2,1,,51200,,,
FC(F)(F)CN1C(=O)CN=C(c2ccccc2)c2cc(ccc21)Cl,31640,352.7,5,0,4,0,32.7,2,1,,51263,,,
COc1cccc2c1C(=O)c1c(c3c(c(c1C2=O)O)C[C@](O)(C[C@@H]3O[C@H]1C[C@H](N)[C@H](O)[C@H](C)O1)C(=O)CO)O,31703,543.5,12,6,1.3,0,206,5,0,,51671,,,
CNCCCC1(C)CN(c2ccccc2)c2ccccc12,31707,280.4,2,1,4.3,0,15.3,5,1,,51712,,,
CCN1CCC(C1)=C(c1ccccc1)c1ccccc1,31740,263.4,1,0,4.3,0,3.2,3,1,,52919,,,
CN1CCCCC1CCN1c2ccccc2Sc2ccc(cc12)S(C)(=O)=O,31765,402.6,5,0,4.6,0,74.3,4,1,,53467,,,
CCC(C)C(C)(COC(N)=O)COC(=O)NC(C)C,31767,274.36,4,2,2.6,0,90.6,9,1,,53569,,,
C[N+]1(C)CCCCC1COC(=O)C(O)(c1ccccc1)c1ccccc1 BEVONIUM,31800,354.5,3,1,3.6,1,46.5,6,0,,53696,,,
Clc1ccc(cc1Cl)OCC1=NCCN1,32049,245.1,2,1,2.2,0,33.6,3,1,,53701,,,
NC1=NC(NC1(C(F)(F)F)C(F)(F)F)(C(F)(F)F)C(F)(F)F,32068,357.1,14,2,3.3,0,50.4,0,1,,54471,,,
CC1Oc2ccccc2CC1N(C)C,32142,191.27,2,0,2.5,0,12.5,1,1,,54477,,,
COc1ccc2c(c1)C(=Cc1ccccc1O2)N1CCN(C)CC1,32226,322.4,4,0,3.6,0,24.9,2,1,,54567,,,
COc1ccccc1N1CCN(CC1)CCc1c([nH]c2cc(c(cc12)OC)OC)C,32345,409.5,5,1,4.3,0,50,7,1,,54742,,,
Fc1ccc(cc1)C(=O)CCCN1CCC(CC1)C(=O)c1ccc(cc1)F,32593,371.4,5,0,4,0,37.4,7,1,,54760,,,
CCC(=O)O[C@@]1([C@@H](C)C[C@H]2[C@@H]3CCC4=CC(=O)C=C[C@]4(C)[C@@]3(F)[C@@H](O)C[C@@]21C)C(=O)CCl,32798,467,6,1,3.8,0,80.7,5,1,,54897,,,
C[C@@H](N)Cc1ccccc1,32893,135.21,1,1,1.8,0,26,2,1,,54961,,,
OC(C1=NCCN1)(c1ccc(cc1)Cl)c1ccccn1,32940,287.74,3,2,1.3,0,57.5,3,1,,55191,,,
CNCCCC1(SC(C)(C)c2ccccc12)c1ccccc1,33014,311.5,2,1,4.3,0,37.3,5,1,,55256,,,
Cc1sc(nn1)SCC1=C(N2[C@H](SC1)[C@H](NC(=O)Cn1cnnn1)C2=O)C(O)=O CEFAZOLIN,33255,454.5,12,2,-0.4,0,235,7,0,,55463,,,
C1CNCc2cc3ccccc3n2C1,33471,186.25,1,1,1.5,0,17,0,1,,55482,,,
CCn1nc(c2c1C(=NCC(=O)N2)c1ccccc1)C,33474,268.31,3,1,1.8,0,59.3,2,1,,55752,,,
CC(C)(C)C(=O)OCOC(=O)[C@@H]1N2[C@H](SC1(C)C)[C@H](NC(=O)[C@H](N)c1ccccc1)C2=O PIVAMPICILLIN,33478,463.5,8,2,2.9,0,153,9,0,,55993,,,
CC1(C)S[C@@H]2[C@H](NC(=O)[C@H](N)c3ccc(cc3)O)C(=O)N2[C@H]1C(O)=O AMOXICILLIN,33613,365.4,7,4,-2,0,158,4,0,,56032,,,
OC1(CCN(CCCC(c2ccc(cc2)F)c2ccc(cc2)F)CC1)c1ccc(c(c1)C(F)(F)F)Cl,33630,524,7,1,7.3,0,23.5,7,1,,56206,,,
CC1(C)S[C@@H]2[C@H](NC(=O)C(C(=O)Oc3ccccc3)c3ccccc3)C(=O)N2[C@H]1C(O)=O CARFECILLIN,33672,454.5,7,2,3,0,138,7,0,,56339,,,
COc1cccc(c1)[C@@]1(O)CCCC[C@@H]1CN(C)C,33741,263.37,3,1,2.6,0,32.7,4,1,,56971,,,
CN1C(=O)CN2C(=O)C=C(C)OC2(c2ccccc2)c2cc(ccc21)Cl,33746,368.8,3,0,3,0,49.8,1,1,,57347,,,
CCC1(C(=O)N(COC)C(=O)N(COC)C1=O)c1ccccc1,33925,320.34,5,0,1.5,0,76.2,6,1,,58258,,,
CC[N+](C)(C)C(C)CC(c1ccccc1)c1ccccc1 EMEPRONIUM_CARRAGHEENATE,34055,282.4,0,0,4.8,1,0,6,0,,60149,,,
CC(C)c1ccc(cc1OCC1=NCCN1)C TYMAZOLINE,34154,232.32,2,1,2.4,0,33.6,4,0,,60511,,,
Clc1ccc2c(c1)C(=NCC(=N2)NOCC=C)c1ccccc1Cl,34274,360.2,3,1,3.9,0,46,5,1,,60547,,,
NC(=O)N1c2ccccc2CC(=O)c2ccccc12,34312,252.27,2,1,1.7,0,63.4,0,1,,60561,,,
C[C@@](Cc1ccc(c(c1)O)O)(NN)C(O)=O CARBIDOPA,34359,226.23,6,5,-2.2,0,116,4,0,,60575,,,
Cc1cccc(c1)N1CC(CO)OC1=O,34521,207.23,3,1,1.2,0,49.8,2,1,,60657,,,
CN(C)C(=O)COC1c2ccccc2CCc2ccccc12,34624,295.4,2,0,3.1,0,29.5,3,1,,60691,,,
C[S+](CC[C@H](N)C([O-])=O)C[C@H]1O[C@H]([C@H](O)[C@@H]1O)n1cnc2c(ncnc12)N,34755,398.4,10,4,-2.8,0,187,6,1,,60698,,,
COc1ccc(c2c1CCCC2N(C)C)Cl,34789,239.74,2,0,3.1,0,12.5,2,1,,60717,,,
OC(=O)CCCCCCNC1c2ccccc2CCc2ccccc12,34870,337.5,3,2,2.1,0,49.3,8,1,,60728,,,
CN1CCC(CC1)=C1c2ccccc2C(O)c2ccccc12,35758,291.4,2,1,3.1,0,23.5,0,1,,60795,,,
Cn1nc(c2c1N(C)C(=O)CN=C2c1ccccc1F)C,35775,286.3,4,0,1.7,0,50.5,1,1,,60803,,,
CN(C)C1CCc2[nH]c3ccccc3c2C1,36082,214.31,1,1,2.8,0,19,1,1,,60809,,,
CN(C)CC(Oc1ccccc1)Oc1ccccc1,36109,257.33,3,0,3.8,0,21.7,6,1,,60813,,,
CN[C@@H]1[C@@H](O)[C@H](OC[C@]1(C)O)O[C@H]1[C@H](N)C[C@H](N)[C@@H](O[C@H]2OC(=CC[C@H]2N)CN)[C@@H]1O SISOMICIN,36119,447.5,12,8,-5.1,0,214,6,0,,60815,,,
CC1(C)S[C@@H]2[C@H](/N=C/N3CCCCCC3)C(=O)N2[C@H]1C(O)=O MECILLINAM,36273,325.4,5,1,2.1,0,98.5,3,0,,60820,,,
CCOC(=O)c1cncn1C(C)c1ccccc1,36339,244.29,3,0,3,0,44.1,5,1,,60835,,,
C1CCN2CC3c4ccccc4CCc4cccc(c43)C2C1,36667,289.4,1,0,4.4,0,3.2,0,1,,60854,,,
Fc1ccccc1C1=NCCN(CC(F)(F)F)c2ccc(cc12)Cl,36834,356.7,6,0,5.6,0,15.6,2,1,,60919,,,
CC1(C)S[C@@H]2[C@H](NC(=O)[C@H](C(O)=O)c3cscc3)C(=O)N2[C@H]1C(O)=O TICARCILLIN,36921,384.4,8,3,0.8,0,178,5,0,,60949,,,
CC(C)(C)NCC(O)c1ccc(c(c1)NC(N)=O)O CARBUTEROL,36976,267.32,4,5,-0.1,0,108,5,0,,61120,,,
CCCCNc1c(cnc2n(ncc12)CC)C(=O)OCC,37015,290.36,5,1,3.1,0,69,8,1,,61247,,,
CP(C)(=O)CN1C(=O)CN=C(c2ccccc2)c2cc(ccc21)Cl,37114,360.8,3,0,2.1,0,49.7,3,1,,62156,,,
CN(C)C(=O)OC1N=C(c2ccccc2)c2cc(ccc2N(C)C1=O)Cl,37367,371.8,4,0,2.8,0,62.2,3,1,,62258,,,
CC(C)(C)[C@]1(O)CCN2C[C@H]3c4ccccc4CCc4cccc(c34)[C@@H]2C1,37459,361.5,2,1,5,0,23.5,1,1,,62862,,,
CN(C)Cc1nnc2n1c1ccc(cc1C(=NC2)c1ccccc1)Cl,37632,351.8,4,0,1.6,0,46.3,3,1,,62867,,,
CCCCCCCCCCCCCCCC(=O)OCCC1CCN(CCCN2c3ccccc3Sc3ccc(cc23)S(=O)(=O)N(C)C)CC1,37767,714.1,8,0,11.6,0,104,24,1,,62875,,,
OC1(c2cccc(c2)Cl)c2ccccc2N2CCCN=C21,37825,298.8,2,1,2.6,0,35.8,1,1,,64517,,,
OC(=O)C1CCN1C12CC3CC(CC(C3)C1)C2,37906,235.32,3,1,0.4,0,40.5,2,1,,64814,,,
CC(=O)[C@H]1CCC2C3CC[C@H]4C[C@](C)(O)CC[C@]4(C)C3CC[C@@]21C,38022,332.5,2,1,5,0,37.3,1,1,,65445,,,
CC1=C(N2[C@H](SC1)[C@H](NC(=O)[C@H](N)C1=CCC=CC1)C2=O)C(O)=O CEFRADINE,38103,349.4,6,3,0.4,0,138,4,0,,65449,,,
CNCC(O)CC12CCC(c3ccccc13)c1ccccc21,38207,293.4,2,2,3.6,0,32.3,4,1,,65468,,,
Oc1ccc(cc1O)CCNC(=O)C12CC3CC(CC(C3)C1)C2,38361,315.4,3,3,1.9,0,69.6,4,1,,65489,,,
CN(C)C1CCc2[nH]c3c(cc(cc3c2C1)F)F,38531,250.29,3,1,3,0,19,1,1,,65490,,,
OCCN1C(=O)C(O)N=C(c2ccccc2F)c2cc(ccc21)Cl,38668,348.8,5,2,1.6,0,73.1,3,1,,65535,,,
Cc1cc(cc(c1O)C(N)=O)Br,38706,230.06,2,2,2.8,0,63.3,1,1,,65589,,,
CC(C)(C)NCC(O)COc1cccc2c1C[C@H](O)[C@H](O)C2,39147,309.4,5,4,0.7,0,82,6,0,,65590,,,
COc1ccc(cc1)[C@@H]1Sc2ccccc2N(CCN(C)C)C(=O)[C@@H]1OC(C)=O,39186,414.5,6,0,3.1,0,84.4,7,0,,65615,,,
CCn1c2ccccc2c2c1C(C)(CCN(C)C)SCC2,39187,302.5,2,0,3.4,0,33.5,4,1,,65630,,,
CCC(=O)[C@@]1(C)[C@H](C)CC2C3CCC4=CC(=O)C=C[C@]4(C)C3[C@@H](O)C[C@@]21C,39507,370.5,3,1,3.5,0,54.4,2,1,,65647,,,
O=C1NCCCC1N1C(=O)c2ccccc2S1(=O)=O,39528,280.3,4,1,0.5,0,91.9,1,1,,65650,,,
CNCCC=C1c2ccccc2C2CC2c2ccccc12,40029,275.4,1,1,3.8,0,12,3,1,,65659,,,
Cn1nnnc1SCC1=C(N2[C@H](SC1)[C@H](NC(=O)CSC(F)(F)F)C2=O)C(O)=O CEFAZAFLUR,40240,470.5,13,2,0.8,0,206,7,0,,65677,,,
CN1C(=O)C(O)N=C(c2ccccc2F)c2cc(ccc12)Cl,40344,318.73,4,1,2.3,0,52.9,1,1,,65682,,,
Clc1ccc2c(c1)C(=NCC(=O)N2CC#C)c1ccccc1,40391,308.8,2,0,3.1,0,32.7,2,1,,65714,,,
CCCSc1ccccc1N1CCN(CCCCN2C(=O)Nc3ccccc3C2=O)CC1,40460,452.6,5,1,4.4,0,81.2,9,1,,65715,,,
CCN1C(=O)N(CCCN2CCN(CC2)c2cccc(c2)Cl)N=C1CC,40589,377.9,4,0,3,0,42.4,7,1,,65764,,,
CC[C@]1(O)C[C@H]2CN(CCc3c([nH]c4ccccc43)[C@@](C2)(C(=O)OC)c2cc3c(cc2OC)N(C)[C@H]2[C@](O)([C@H](O)[C@]4(CC)C=CCN5CC[C@@]23[C@@H]54)C(N)=O)C1,40839,753.9,10,5,2.7,0,165,7,0,,65803,,,
CN1CCN(CC1)C(=O)OC1N(C(=O)C2=C1SCCS2)c1ccc2ccc(nc2n1)Cl,40903,478,8,0,2.8,0,130,3,1,,65820,,,
Fc1ccc(cc1)C(=O)CCCN1CCC(CC1)C(=O)c1ccc(cc1)Cl,41536,387.9,4,0,4.5,0,37.4,7,1,,65822,,,
CCC(=O)N(c1ccccc1)C1(CCN(CCc2sccc2)CC1)COC,41693,386.6,4,0,4,0,61,8,1,,65835,,,
COc1cccc2c1C(=O)c1c(c3c(c(c1C2=O)O)C[C@](O)(C[C@@H]3O[C@H]1C[C@H](N)[C@@H](O)[C@H](C)O1)C(=O)CO)O EPIRUBICIN,41867,543.5,12,6,1.3,0,206,5,0,,65836,,,
COC1(F)C(F)(F)C1(F)Cl,41967,178.51,5,0,1.8,0,9.2,1,1,,65853,,,
CO[C@]1(NC(=O)CSCC#N)[C@H]2SCC(=C(N2C1=O)C(O)=O)CSc1nnnn1C CEFMETAZOLE,42008,471.5,12,2,-0.6,0,239,9,0,,65856,,,
FC(F)OC(F)C(F)(F)F,42113,168.04,7,0,2.6,0,9.2,2,1,,65860,,,
CN\C(\Cc1ccc2ccccc2c1)=N/C,42153,212.29,1,1,2.7,0,24.4,3,1,,65875,,,
CC1c2ccccc2C(CCCN(C)C)c2cc(ccc12)C(F)(F)F,42291,347.4,4,0,5.6,0,3.2,4,1,,65905,,,
CN(C)CCN(C)n1cc(c2ccccc12)c1ccccc1,42510,293.4,2,0,4.2,0,11.4,5,1,,65920,,,
CC1(C)O[C@@H]2C[C@H]3C4C[C@H](F)C5=CC(=O)C=C[C@]5(C)[C@@]4(F)[C@@H](O)C[C@]3(C)[C@@]2(O1)C(=O)COC(=O)C1CC1,42768,520.6,9,1,3.6,0,99.1,5,1,,65975,,,
CN1CCC(CC1)=C1c2ccccc2Oc2ccc(cc12)Cl,43215,311.8,2,0,4,0,12.5,0,1,,65977,,,
NCc1ccccc1CC(=O)N[C@H]1[C@H]2SCC(=C(N2C1=O)C(O)=O)CSc1nnnn1CC(O)=O CEFORANIDE,43507,519.6,12,4,-3.2,0,244,10,0,,65996,,,
O[C@@H](C(=O)N[C@H]1[C@H]2SCC(=C(N2C1=O)C(O)=O)CSc1nnnn1CS(O)(=O)=O)c1ccccc1 CEFONICID,43594,542.6,13,4,-1.9,0,264,9,0,,66002,,,
CCN1CCN(C(=O)N[C@@H](C(=O)N[C@H]2[C@H]3SC(C)(C)[C@@H](N3C2=O)C(O)=O)c2ccccc2)C(=O)C1=O PIPERACILLIN,43672,517.6,8,3,0.5,0,182,6,0,,66724,,,
CN(C)CCn1nnnc1SCC1=C(N2[C@H](SC1)[C@H](NC(=O)Cc1csc(n1)N)C2=O)C(O)=O CEFOTIAM,43708,525.6,13,3,-2.4,0,251,10,0,,66994,,,
Fc1ccc(cc1)C(=O)C1CCN(CCCN2c3ccccc3Sc3ccc(cc23)C(F)(F)F)CC1,43876,514.6,8,0,7.2,0,48.8,6,1,,67534,,,
NCc1ccccc1Sc1ccccc1CO,43961,245.34,3,2,2,0,71.6,4,1,,67763,,,
NC(=O)CCC\N=C(/c1ccc(cc1)Cl)\c1cc(ccc1O)F,44115,334.8,4,2,3,0,75.7,6,1,,68094,,,
CCN1CCN(C(=O)N[C@@H](C(=O)N[C@H]2[C@H]3SCC(=C(N3C2=O)C(O)=O)CSc2nnnn2C)c2ccc(cc2)O)C(=O)C1=O CEFOPERAZONE,44187,645.7,13,4,-0.7,0,271,9,0,,68116,,,
COc1cc(c2oc(cc2c1)C1CCNCC1)Br,44571,310.19,3,1,3.1,0,34.4,2,1,,68182,,,
C1CC(CCN1)CCc1c[nH]c2ccccc12,44668,228.33,1,2,3.3,0,27.8,3,1,,68186,,,
CCCCCCCCCC1(C)OCC(COC(N)=O)O1,45285,287.39,4,1,3.9,0,70.8,11,1,,68416,,,
CO[C@]1(NC(=O)C(C(O)=O)c2ccc(cc2)O)[C@H]2OCC(=C(N2C1=O)C(O)=O)CSc1nnnn1C LATAMOXEF,47499,520.5,13,4,-0.6,0,232,9,0,,68604,,,
CCCN1C[C@H](CSC)C[C@H]2[C@H]1Cc1c[nH]c3cccc2c13,47811,314.5,2,1,4.2,0,44.3,4,1,,68617,,,
CC1=C(N2[C@H](SC1)[C@H](NC(=O)[C@H](N)c1ccc(cc1)O)C2=O)C(O)=O CEFADROXIL,47965,363.4,7,4,-2.1,0,158,4,0,,68634,,,
COc1cc(cc(c1OC)C(=O)NCC1CCCN1CC=C)S(N)(=O)=O,47979,383.5,7,2,0.8,0,119,8,1,,68664,,,
CN(C)CCCN1c2ccccc2CCc2ccc(cc12)C#N,48126,305.4,3,0,4.3,0,30.3,4,1,,68678,,,
CN1CCN(CC1)C1=Nc2cc(ccc2Cc2ccccc12)F,49381,309.4,3,0,2.9,0,18.8,1,1,,68689,,,
COc1ccccc1N1CCN(CC1)CC(O)COc1cc(c(c(c1)OC)OC)OC,50222,432.5,8,1,2.8,0,72.9,10,1,,68696,,,
N[C@@H](C(=O)N[C@H]1[C@H]2SCC(=C(N2C1=O)C(O)=O)Cl)c1ccccc1 CEFACLOR,51039,367.8,6,3,-1.8,0,138,4,0,,68702,,,
OC(CCCN1CCc2n(c3ccc(cc3c2C1)F)c1ccc(cc1)F)c1ccc(cc1)F,51174,450.5,5,1,5.4,0,28.4,6,1,,68710,,,
O=C(Cn1ccnc1)c1ccc2ccccc2c1,51200,236.27,2,0,2.8,0,34.9,3,1,,68713,,,
CCN1N=NN(CCN2CCC(CC2)(COC)N(C(=O)CC)c2ccccc2)C1=O,51263,416.5,6,0,2.2,0,81,9,1,,68725,,,
CN1CCN2C(C1)c1cccn1Cc1ccccc21,51355,253.34,2,0,1.8,0,11.4,0,1,,68777,,,
CC(C)N(CCNC(=O)CN1CCCC1=O)C(C)C,51712,269.38,3,1,0.8,0,52.6,7,1,,68778,,,
COCC1CN(C(=O)O1)c1ccc(cc1)OCc1cccc(c1)C#N,52542,338.4,5,0,2.6,0,71.8,6,1,,68790,,,
CCCCCCCCCC(=O)OC1(CCN(CCCC(=O)c2ccc(cc2)F)CC1)c1ccc(cc1)Cl,52919,530.1,5,0,7.9,0,46.6,16,1,,68793,,,
CO[C@]1(NC(=O)C2SC(S2)=C(C(N)=O)C(O)=O)[C@H]2SCC(=C(N2C1=O)C(O)=O)CSc1nnnn1C CEFOTETAN,53025,575.6,15,4,0.1,0,321,9,0,,68839,,,
CCC[C@@]1(CCN(C)C[C@@H]1C)c1cccc(c1)O,53077,247.38,2,1,4.2,0,23.5,3,1,,68842,,,
C[C@H]1CN(CCCn2c3ccccc3c3ccccc23)C[C@@H](C)N1,53389,321.5,2,1,3.9,0,20.2,4,1,,68845,,,
CN1C(Cc2ccccc2N=C1C)c1ccccc1,53432,250.34,1,0,2.9,0,15.6,1,1,,68846,,,
CNC(=O)N1CC(C1)Oc1cccc(c1)C(F)(F)F,53467,274.24,5,1,1.9,0,41.6,2,1,,68858,,,
CNC[C@H](O)CC12CCC(c3ccccc13)c1ccccc21,53511,293.4,2,2,3.6,0,32.3,4,1,,68865,,,
CCCCCNCC(N)=O,53569,144.21,2,2,0.5,0,55.1,6,1,,68888,,,
OC(Cn1ccnc1)c1ccc(cc1)CCc1ccccc1,53626,292.4,2,1,3.4,0,38,6,1,,68903,,,
CCC(=O)N1CCN(CC1)C(=O)OC1N(C(=O)C2=C1SCCS2)c1ccc2ccc(nc2n1)Cl,53696,520,8,0,2.7,0,147,4,1,,68915,,,
N#Cc1ccc2c(c1)C1=C(CCN(CC1)CC1CCCC1)c1ccccc1O2,54359,370.5,3,0,4.9,0,36.3,2,1,,69460,,,
CCC(C)(C)C(=O)O[C@H]1C[C@@H](C)C=C2C=C[C@H](C)[C@H](CC[C@@H]3C[C@@H](O)CC(=O)O3)[C@@H]12,54454,418.6,5,1,4.7,0,72.8,7,1,,70335,,,
CCCC\N=C(\c1cc(ccc1O)Cl)/c1ccccc1Cl,54471,322.2,2,1,5.5,0,32.6,5,1,,70593,,,
CCN1CCC[C@H]1CNC(=O)c1c(ccc(c1OC)Br)OC,54477,371.27,4,1,2.1,0,50.8,6,1,,71066,,,
CN(C)CCCn1cc(c(n1)c1ccccc1)c1ccccc1,54567,305.4,2,0,3.8,0,21.1,6,1,,71101,,,
CC[C@H](C)C(=O)O[C@H]1C[C@H](O)C=C2C=C[C@H](C)[C@H](CC[C@@H](O)C[C@@H](O)CC(O)=O)[C@@H]12,54687,424.5,7,4,1.6,0,124,11,1,,71113,,,
CN1CCN(CC1)C1=Nc2ccccc2Sc2nccn21,54742,299.4,4,0,3.5,0,62,1,1,,71115,,,
CN(C(=O)CNC(=O)CN)c1ccc(cc1C(=O)c1ccccc1Cl)Cl,54760,394.2,4,2,2.3,0,92.5,6,1,,71117,,,
CCCN(CCC)C(=O)Cc1n2c(nc1c1ccc(cc1)Cl)C=CC(=C2)Cl,54897,404.3,2,0,4.8,0,37.6,7,1,,71140,,,
CN(C)CCCN1c2ccccc2C(=Nc2cccnc12)c1ccccc1,54961,356.5,4,0,4.4,0,31.7,5,1,,71142,,,
CC1(C)CC(=O)N(CCCCN2CCN(CC2)c2ncccn2)C(=O)C1,55191,359.5,6,0,1.8,0,69.6,6,1,,71153,,,
Nc1ncc2ncn(c2n1)COCCO,55256,209.21,6,2,-1.1,0,99.1,4,1,,71157,,,
CCC(C)N1N=CN(C1=O)c1ccc(cc1)N1CCN(CC1)c1ccc(cc1)OC[C@H]1CO[C@@](Cn2cncn2)(O1)c1ccc(cc1Cl)Cl,55283,705.6,9,0,5.7,0,101,11,0,,71160,,,
Fc1ccc2c(noc2c1)CCCN1CCC(CC1)N1C(=O)Nc2ccccc21,55463,394.4,5,1,3.6,0,61.6,5,1,,71165,,,
CN([C@H]1CC[C@@]2(CCCO2)C[C@@H]1N1CCCC1)C(=O)Cc1ccc(c(c1)Cl)Cl,55652,425.4,3,0,4.3,0,32.8,4,1,,71195,,,
C1CN=C(CC2=Cc3ccccc3CC2)N1,55718,212.29,1,1,1.5,0,24.4,2,1,,71219,,,
O=C1CC2(CCCC2)CC(=O)N1CCCCN1CCN(CC1)c1nsc2ccccc12,55752,440.6,6,0,4.3,0,85,6,1,,71221,,,
CCCC[C@@H]1CC(=O)[C@]2(O)O[C@@H]3[C@@H](NC)[C@@H](O)[C@@H](NC)[C@H](O)[C@H]3O[C@@H]2O1 TROSPECTOMYCIN,55886,374.4,9,5,-1.7,0,130,5,0,,71228,,,
Cc1cccc(c1C)Cc1c[nH]cn1,56032,186.25,1,1,2.7,0,28.7,2,1,,71248,,,
OP(O)(=O)OCN1C(=O)NC(C1=O)(c1ccccc1)c1ccccc1,56339,362.27,6,3,0.6,0,116,5,1,,71257,,,
O=C1N(CCCCN2CCN(CC2)c2ncccn2)S(=O)(=O)c2ccccc12,56971,401.5,7,0,1.5,0,95.1,6,1,,71258,,,
CC[C@@]1(O)C[C@H](O[C@H]2C[C@@H]([C@H](O[C@H]3C[C@@H]4O[C@H]5CC(=O)[C@H](C)O[C@H]5O[C@@H]4[C@H](C)O3)[C@H](C)O2)N(C)C)c2c(c3c(c(c2[C@H]1O[C@H]1C[C@@H]([C@H](O)[C@H](C)O1)N(C)C)O)C(=O)c1cccc(c1C3=O)O)O RODORUBICIN,57097,941,19,5,3.4,0,242,9,0,,71304,,,
CCC(N1CCCC1=O)C(N)=O,59708,170.21,2,1,-0.3,0,63.4,3,1,,71342,,,
Clc1ccc2ccc(nc2n1)N1C(CC(=O)N2CCC3(CC2)OCCO3)c2ccccc2C1=O,59743,478.9,6,0,2.8,0,84.9,3,1,,71351,,,
CN(C1CCN(CC1)CC(O)COc1ccc(cc1)F)c1sc2ccccc2n1,59823,415.5,7,1,4.6,0,77.1,7,1,,71353,,,
Fc1ccc(cc1)n1cc(c2cc(ccc12)Cl)C1CCN(CC1)CCN1CCNC1=O,60149,440.9,3,1,4.1,0,40.5,5,1,,71360,,,
CC(Cc1ccccc1)(NC(=O)CN)c1ccccc1,60511,268.35,2,2,2.3,0,55.1,5,1,,71384,,,
Fc1ccc2[nH]c3c(c2c1)CN(CCCc1cccnc1)CC3,60547,309.4,3,1,3.3,0,31.9,4,1,,71644,,,
CC(=O)SC[C@@H](Cc1ccccc1)C(=O)NCC(=O)OCc1ccccc1,60561,385.5,5,1,3.3,0,97.8,11,1,,71709,,,
CCCN(CCC)C1Cc2cccc3cc(cc(c23)C1)O,60574,283.4,2,1,5,0,23.5,5,1,,71726,,,
COCC(=O)N(C1CCN(CC1)CCc1ccccc1)c1ccccc1F,60575,370.5,4,0,3.6,0,32.8,7,1,,71744,,,
Cc1ccsc1C(=CCCN1CCC[C@H](C1)C(O)=O)c1sccc1C,60648,375.6,5,1,2.7,0,97,6,1,,71814,,,
COCC(=O)O[C@]1(CCN(C)CCCc2[nH]c3ccccc3n2)CCc2cc(ccc2[C@@H]1C(C)C)F,60663,495.6,6,1,5.8,0,67.4,12,0,,71824,,,
CCN1N=NN(CCN2CC[C@@H]([C@H](C)C2)N(C(=O)COC)c2ccccc2F)C1=O,60672,420.5,7,0,2.7,0,81,8,1,,71839,,,
CCCN(n1ccc2ccccc12)c1ccncc1,60691,251.33,2,0,3.9,0,21.1,4,1,,71875,,,
O=C(N(C1CCN(CC1)CCc1ccccc1)c1cnccn1)c1occc1,60698,376.5,5,0,3.1,0,62.5,6,1,,71893,,,
CC[C@@]1(O)C(=O)OCC2=C1C=C1N(Cc3cc4c(c(ccc4nc31)O)CN(C)C)C2=O,60700,421.4,7,2,0.5,0,103,3,0,,71897,,,
CCN1N=NN(CCN2CCC(CC2)(N(C(=O)CC)c2ccccc2F)c2ccccc2)C1=O,60728,466.6,6,0,4.1,0,71.8,8,1,,71899,,,
CC(n1ccnc1)c1noc2ccc(cc12)Cl,60745,247.68,3,0,2.5,0,43.8,2,1,,71935,,,
O=C1CC2(CCCC2)CC(=O)N1CCNCC1COc2ccccc2O1,60769,358.4,5,1,2.3,0,67.9,5,1,,71949,,,
Clc1cccc(c1Cl)N1CCN(CCCCOc2ccc3c(c2)NC(=O)CC3)CC1,60795,448.4,4,1,4.6,0,44.8,7,1,,71968,,,
CN1CCN(CC1)c1ncc(c(n1)N)c1cc(cc(c1Cl)Cl)Cl,60803,372.7,5,1,3.6,0,58.3,2,1,,71969,,,
CCCCCCOc1nsnc1C1=CCCN(C)C1,60809,281.42,5,0,3.3,0,66.5,7,1,,72002,,,
Clc1cnn(c1)CCCCN1CCN(CC1)c1ncccn1,60813,320.82,5,0,1.8,0,50.1,6,1,,72024,,,
CCC(=O)N(c1ccccc1)C1(CCN(CCC(=O)OC)CC1)C(=O)OC,60815,376.4,6,0,1.9,0,76.2,9,1,,72038,,,
CC(C)Oc1ccccc1N1CCN(CC1)Cc1cccc(c1)C(=O)N1CCCCC1,60820,421.6,4,0,4.4,0,36,6,1,,72076,,,
CC(C)c1n(c(c(c1C(=O)Nc1ccccc1)c1ccccc1)c1ccc(cc1)F)CC[C@@H](O)C[C@@H](O)CC(O)=O,60823,558.6,6,4,5,0,112,12,1,,72104,,,
COC[C@H]1CN(C(=O)O1)c1ccc(cc1)OCC[C@@H](O)C(F)(F)F,60824,349.3,8,1,2.2,0,68.2,7,1,,72108,,,
CNCC[C@H](Oc1cccc2ccccc12)c1sccc1,60835,297.4,3,1,4.3,0,49.5,6,1,,72138,,,
Clc1cc2c(cc1CCN1CCN(CC1)c1nsc3ccccc13)CC(=O)N2,60854,412.9,5,1,4,0,76.7,4,1,,72155,,,
Cc1nc(c2c(n1)N(Cc1ccc(cc1)c1ccccc1c1[nH]nnn1)C(=O)CC2)C,60919,411.5,6,1,3,0,101,4,1,,72846,,,
CN1[C@H]2CC[C@@H]1C[C@H](C2)NC(=O)C1=CN(C2CCCCC2)c2ccccc2C1=O,60931,393.5,4,1,4.2,0,52.6,3,1,,73333,,,
C1CC(CN2CCC(C2)c2ccccc2)c2ccc3c(c2C1)OCO3,60932,335.4,3,0,4.6,0,21.7,3,1,,73426,,,
CCC1CN(C)CCC1(OC(=O)CC)c1ccccc1,61118,275.4,3,0,3.2,0,29.5,5,1,,74325,,,
CC[C@H]1CN(C)CC[C@]1(OC(=O)CC)c1ccccc1,61119,275.4,3,0,3.2,0,29.5,5,1,,74981,,,
CCOC(=O)C1(CCN(C)CC1)c1cccc(c1)O,61120,263.33,4,1,2.1,0,49.8,4,1,,74989,,,
CCC(=O)N(c1ccccc1)C1(CCN(CCc2ccccc2)CC1)C(=O)OC,62156,394.5,4,0,3.8,0,49.8,8,1,,75237,,,
C[C@H](N)C(=O)c1ccccc1,62258,149.19,2,1,1.1,0,43.1,2,1,,77501,,,
CC1C2Cc3ccc(cc3C1(C)CCN2C)O,62518,231.33,2,1,1.8,0,23.5,0,1,,77870,,,
CC[C@@H](O)C(C[C@@H](C)N(C)C)(c1ccccc1)c1ccccc1,62709,311.5,2,1,3.7,0,23.5,7,1,,77991,,,
CC[C@H](OC(C)=O)C(C[C@@H](C)N(C)C)(c1ccccc1)c1ccccc1,62710,353.5,3,0,4.3,0,29.5,9,1,,80554,,,
CCC[C@@](C)(O)[C@H]1CC23C=CC1(OC)[C@H]1Oc4c(ccc5c4C13CCN(C)C2C5)OC(C)=O,62795,453.6,6,1,3.2,0,68.2,6,1,,82730,,,
FC(F)(F)c1ccc2c(c1)N(CCCN1CCN(CCC3OCCCO3)CC1)c1ccccc1S2,62862,507.6,9,0,5.4,0,53.5,7,1,,83909,,,
CC(CN(C)C)CN1c2ccccc2Sc2ccc(cc12)C#N,62865,323.5,4,0,4.4,0,55.6,4,1,,85896,,,
CN(C)S(=O)(=O)c1ccc2c(c1)N(CCCN1CCC(CCO)CC1)c1ccccc1S2,62867,475.7,7,1,3.5,0,97.8,8,1,,86322,,,
COc1ccc2c(c1)N(CC(C)CN1CCC(O)CC1)c1ccccc1S2,62870,384.5,5,1,4.5,0,61.2,5,1,,86379,,,
CC(CNC(=O)c1ccccc1)C(=O)OCC(=O)[C@]12OC(C)(C)O[C@@H]2C[C@H]2[C@@H]3CCC4=CC(=O)C=C[C@]4(C)[C@@]3(F)[C@@H](O)C[C@@]21C,62963,623.7,9,2,4.6,0,128,8,1,,87653,,,
CC1(C)O[C@@H]2C[C@H]3[C@@H]4CCC5=CC(=O)C=C[C@]5(C)[C@@]4(F)[C@@H](O)C[C@]3(C)[C@@]2(O1)C(=O)COC(=O)c1oc2ccccc2c1,62964,578.6,9,1,5.5,0,112,5,1,,88981,,,
CCC(=O)O[C@@]1(CC[C@H]2[C@@H]3C[C@H](C)C4=CC(=O)C=C[C@]4(C)[C@H]3[C@@H](O)C[C@@]21C)C(=O)COC(C)=O,63019,472.6,7,1,3.8,0,107,7,1,,89594,,,
OCCOCCOCCN1CCN(CC1)C(c1ccccc1)c1ccc(cc1)Cl,63345,419,5,1,3.6,0,45.2,11,1,,89657,,,
Cc1c(cccc1C(=O)N[C@@H](CSc1ccccc1)[C@H](O)CN1C[C@H]2CCCC[C@H]2C[C@H]1C(=O)NC(C)(C)C)O,64143,567.8,6,4,5.7,0,127,10,0,,90274,,,
Clc1ccc(cc1)OCC(=O)OCCNC12CC3CC(CC(C3)C1)C2,64517,363.9,4,1,4.7,0,47.6,8,1,,91462,,,
CC[C@H](C)C(=O)O[C@H]1CCC=C2C=C[C@H](C)[C@H](CC[C@@H]3C[C@@H](O)CC(=O)O3)[C@@H]12,64715,390.5,5,1,3.9,0,72.8,7,1,,91536,,,
COCOC(=O)[C@@H]1N2[C@H](SC1(C)C)[C@H](N1C(=O)C(NC1(C)C)c1ccccc1)C2=O SARPICILLIN,65429,433.5,7,1,2,0,114,6,0,,91769,,,
CCS(=O)(=O)CCN1C(=O)CN=C(c2ccccc2F)c2cc(ccc21)Cl,65445,408.9,5,0,2,0,75.2,5,1,,92099,,,
Fc1ccc(cc1)C(CCCN1CCC(CC1)N1C(=O)Nc2cc(ccc12)Cl)c1ccc(cc1)F,65449,496,4,1,6.9,0,35.6,7,1,,92142,,,
CN(CCc1cc2cccc3c2n1c1ccccc1CC3)Cc1ccccc1,65468,366.5,1,0,5.8,0,8.2,5,1,,92943,,,
Fc1ccc(cc1)C(=O)C1CCN(CCCN2C(=O)Nc3cc(ccc23)Cl)CC1,65489,415.9,4,1,3.7,0,52.6,6,1,,93154,,,
Fc1ccc(cc1)C(=O)NCCN1CCC(CC1)N1C(=O)Nc2cc(ccc21)Cl,65490,416.9,4,2,3.7,0,64.7,5,1,,93513,,,
CCN(CC)CCN1c2ccccc2Sc2ccccc12,65535,298.4,3,0,4.9,0,31.8,5,1,,94280,,,
C[N+](C)([O-])CCCN1c2ccccc2CCc2ccccc12,65589,296.4,2,0,4.8,0,21.3,4,1,,94413,,,
o1c2ccccc2cc1c1ccncc1,65590,195.22,2,0,2.9,0,26,1,1,,94957,,,
CCCOC(=O)c1cncn1C(C)c1ccccc1,65591,258.32,3,0,3.6,0,44.1,6,1,,95705,,,
COc1ccc2c(c1)N(CCC1CCCCN1C)c1ccccc1S2,65612,354.5,4,0,5.4,0,41,4,1,,102065,,,
OCCN1CCN(CCCN2c3ccccc3Sc3cc(cnc32)Cl)CC1,65615,405,6,1,3.2,0,68.1,6,1,,104182,,,
O=C(OC1CN2CCC1CC2)c1ccccc1,65630,231.29,3,0,2.4,0,29.5,3,1,,107917,,,
COc1cc2c3c(c1O)C1(CC3N(C)CC2)C=CC(=O)C=C1,65631,297.3,4,1,2.2,0,49.8,1,1,,107926,,,
C[C@@H](O)[C@@H]1[C@H]2SC(=C(N2C1=O)C(O)=O)COC(N)=O RITIPENEM,65633,288.28,7,3,-0.8,0,156,5,0,,119146,,,
CCOC(=O)c1cncn1C(C)c1ccc(cc1)F,65635,262.28,4,0,3.2,0,44.1,5,1,,119259,,,
CC1=C(COC(=O)[C@@H]2N3[C@H](SC2(C)C)[C@H](NC(=O)[C@H](N)c2ccccc2)C3=O)OC(=O)O1 LENAMPICILLIN,65646,461.5,9,2,1.7,0,163,7,0,,119329,,,
Cc1ccc(cc1)S(=O)(=O)CCN1C(=O)CN=C(c2ccccc2Cl)c2cc(ccc21)Cl,65647,487.4,4,0,4.6,0,75.2,5,1,,121249,,,
O=C1NCCNC1c1sccc1,65649,182.25,3,2,0.3,0,69.4,1,1,,121733,,,
C1CC(CCN1)OCc1ccc2ccccc2c1,65650,241.33,2,1,2.9,0,21.3,3,1,,121734,,,
Clc1ccc(cc1)C(=O)NCCCN1CCOCC1,65659,282.76,3,1,1.8,0,41.6,5,1,,121892,,,
CCOC1c2ccccc2N(C)C(=O)c2ccccc12,65662,267.32,2,0,2.7,0,29.5,2,1,,121903,,,
CCN1CCc2[nH]c3cc(c4scc(c4c3c2C1)C)F,65677,288.4,3,1,3.8,0,47.3,1,1,,125564,,,
C[C@@H](Cc1ccccc1)N(C)C,65682,163.26,1,0,2.7,0,3.2,3,1,,127382,,,
CN1CCC2Nc3ccc(cc3C2C1)C,65684,202.3,2,1,2.3,0,15.3,0,1,,128919,,,
CNC1Cc2ccccc2N(C)c2ccccc12,65700,238.33,2,1,3,0,15.3,1,1,,129228,,,
Brc1cccc(c1)C1CC(=O)NC1=O,65706,254.08,2,1,1.3,0,46.2,1,1,,129710,,,
Clc1ccc2c(c1)N(CCCN1CCC3(CC1)NC(=O)CS3)c1ccccc1S2,65714,446,5,1,5.3,0,86.2,4,1,,130918,,,
OC(=O)C1=C(CS[C@@H]2[C@H](NC(=O)Cn3cnnn3)C(=O)N21)CSc1scnn1 CEFTEZOLE,65755,440.5,12,2,-0.7,0,235,7,0,,131074,,,
COCN1C(=O)CN=C(c2ccccc2)c2cc(ccc21)[N+]([O-])=O,65764,325.32,5,0,2,0,87.7,3,1,,131460,,,
CC(C)C(O)C1CCCCC1,65765,156.26,1,1,3.3,0,20.2,2,1,,132157,,,
CCCCC(CC)CNC(=O)CC(C)O,65780,215.33,2,2,2.4,0,49.3,8,1,,132421,,,
CN(C)CCOC(=O)CCC(=O)OCc1cnc(c(c1CO)O)C,65782,340.37,8,2,-0.4,0,109,11,1,,132677,,,
CCCNC(=O)N1CC(OC1=O)c1ccccc1,65786,248.28,3,1,2.5,0,58.6,3,1,,132959,,,
COc1cc2c(cc1OC)S(=O)(=O)OC(C2)C(=O)NC(C)CC(C)(C)N(C)C,65789,414.5,7,1,2,0,103,7,1,,133371,,,
CC(=O)OCC1=C(N2[C@H](SC1)[C@H](NC(=O)c1c(onc1c1ccccc1Cl)C)C2=O)C(O)=O CEFOXAZOLE,65798,491.9,9,2,1.3,0,164,7,0,,133741,,,
CCOC(=O)N1CCC(=O)N(c2ccccc2)c2cc(ccc12)Cl,65803,344.8,3,0,3.3,0,49.8,3,1,,133832,,,
CCC1=C(C)n2cc(nc2N=C1OC)C(=O)c1ccccc1,65822,295.34,4,0,4.3,0,56.5,4,1,,134043,,,
CCN(CC)C(=O)[C@@]1(C[C@@H]1CN)c1ccccc1,65833,246.35,2,1,1.4,0,46.3,5,1,,134740,,,
CN(C)CC[C@@]1(CCc2ccccc2C1=O)c1ccccc1,65834,293.4,2,0,3.9,0,20.3,4,1,,136460,,,
OC1CCN(CC1)c1ccc(nn1)c1ccccc1Cl,65835,289.76,4,1,2.5,0,49.2,2,1,,142067,,,
OC1CCN(CC1)c1ccc(nn1)c1ccc(cc1Cl)Cl,65836,324.2,4,1,3.1,0,49.2,2,1,,145765,,,
CN1CCN2C(CN=C(c3sccc3)c3ccc(cc32)F)C1,65844,315.4,5,0,3.2,0,47.1,1,1,,146291,,,
C1CN(CCN1)c1cccc2c1OCCO2,65853,220.27,4,1,1.1,0,33.7,1,1,,146678,,,
CO[C@]1(NC(=O)CSC(F)F)[C@H]2OCC(=C(N2C1=O)C(O)=O)CSc1nnnn1CCO FLOMOXEF,65864,496.5,14,3,-1.3,0,220,11,0,,149096,,,
CCCCCCCNC(=O)Oc1ccc2c(c1)[C@]1(C)CCN(C)[C@@H]1N2C,65872,359.5,4,1,3.6,0,44.8,8,1,,150716,,,
COc1cc2c(cc1OC)C(=NN=C(C)C2)c1ccc(cc1)N,65875,309.4,5,1,1.6,0,69.2,3,1,,154315,,,
CCCC(=O)O[C@@]1([C@H](C)C[C@H]2[C@@H]3CCC4=CC(=O)C=C[C@]4(C)[C@@]3(Cl)[C@@H](O)C[C@@]21C)C(=O)COC(C)=O,65877,521,7,1,2.9,0,107,8,1,,155083,,,
C[C@@H](O)[C@@H]1[C@H]2SC(=C(N2C1=O)C(O)=O)[C@H]1CCCO1 FAROPENEM,65894,285.32,6,2,0.3,0,112,3,0,,156321,,,
CN1C[C@H](CN2CC(=O)NC(=O)C2)C=C2[C@H]1Cc1c[nH]c3cccc2c13,65898,350.4,4,2,1.8,0,68.4,2,1,,156386,,,
CCCCN1C(=O)C2C(=O)N(CCCCN3CCN(CC3)c3ccccc3OC)C(=O)C(C1=O)C2(C)C,65902,512.6,7,0,3.4,0,90.5,10,1,,156410,,,
CC(C)OCC(COC(C)C)OCn1cnc2cnc(nc12)N,65905,323.39,7,1,1,0,97.3,9,1,,157716,,,
Clc1ccc(cc1)C1CN(CC(=O)N2CCNC(=O)C2)C(=O)C1,65919,335.78,3,1,0.5,0,69.7,3,1,,158758,,,
CC(=O)Nc1ccc(cc1)OC(=O)[C@@H]1CCC(=O)N1,65920,262.26,4,2,0.3,0,84.5,4,1,,158961,,,
NCC1CN(Cc2ccccc2)C(=O)C1,65926,204.27,2,1,0.2,0,46.3,3,1,,159642,,,
O=C1CN2C(CCC2=O)N1,65955,140.14,2,1,-0.9,0,49.4,0,1,,159977,,,
O=C(N1CCN(CC1)Cc1ccccc1)c1ccccn1,65975,281.35,3,0,2,0,36.4,3,1,,160415,,,
CCCCCCN1CCC(CC1)(C(=O)N(C)CC)c1ccccc1,65996,330.5,2,0,4.4,0,23.6,8,1,,162244,,,
CN1CCc2cc(c(cc2[C@H](C1)c1cc(cc2c1OCC2)Br)O)Cl,66002,408.7,3,1,4.7,0,32.7,1,1,,163091,,,
CO[C@H]1C[C@@H]2CN3CCc4c([nH]c5cc(ccc45)OC)[C@H]3C[C@@H]2[C@@H]([C@H]1OC)C(=O)OC,66252,428.5,6,1,2.5,0,73,5,1,,163304,,,
C[C@H](OC(C)=O)C(=O)[C@@]1(O)CC[C@H]2[C@@H]3CCC4=CC(=O)C=C[C@]4(C)[C@@]3(F)[C@@H](O)C[C@@]21C,66257,434.5,7,2,1.9,0,101,4,1,,163317,,,
NC(=O)Nc1ccc(cc1)S(=O)(=O)c1ccc(cc1)N,66267,291.33,4,3,0.3,0,124,3,1,,165002,,,
C1CCC(NC1)C1COC(O1)(c1ccccc1)c1ccccc1,66270,309.4,3,1,3.4,0,30.5,3,1,,166535,,,
C1CN2C[C@H](N=C2S1)c1ccccc1,66374,204.29,2,0,1.8,0,40.9,1,1,,166547,,,
CC1=COc2ccccc2C1=O,66569,160.17,2,0,1.9,0,26.3,0,1,,166581,,,
CN(C)CCCN1c2ccccc2C=Cc2ccccc12,67534,278.4,2,0,5,0,6.5,4,1,,172296,,,
CCN(CC)C(=O)CNC(=O)c1cc(c(c(c1)OC)OC)OC,67763,324.37,5,1,1.4,0,77.1,8,1,,172309,,,
O=C(N1CCOCC1)c1cccnc1,68116,192.21,3,0,-0.1,0,42.4,1,1,,174100,,,
Fc1ccc(cc1)OCCCN1CCC2(CC1)N(CNC2=O)c1ccccc1,68186,383.5,5,1,3.4,0,44.8,6,1,,175540,,,
BrC(=C)CC1(CC=C)C(=O)NC(=O)NC1=O,68416,287.11,3,2,1.5,0,75.3,4,1,,176864,,,
CC1=C(CCN2CCC(CC2)C(=O)c2ccc(cc2)F)C(=O)N2CCSC2=N1,68604,401.5,6,0,2.8,0,78.3,5,1,,178132,,,
CN[C@H]1CC[C@@H](c2ccc(c(c2)Cl)Cl)c2ccccc21,68617,306.2,1,1,4.8,0,12,2,1,,178134,,,
O=C1Nc2ccccc2N1C1CCN(CCOc2ccccc2)CC1,68634,337.4,3,1,3.6,0,44.8,5,1,,179342,,,
CCCC(=O)OCC(=O)[C@@]1(OC(=O)CCC)[C@H](C)C[C@H]2[C@@H]3CCC4=CC(=O)C=C[C@]4(C)[C@@]3(Cl)[C@@H](Cl)C[C@@]21C,68655,567.5,6,0,5,0,86.7,10,1,,181817,,,
Fc1ccc(cc1)C(=O)CCCN1CCN2Cc3[nH]c4ccccc4c3CC2C1,68663,391.5,4,1,2.8,0,39.3,5,1,,182176,,,
O=C(N1CCN(CC1)Cc1ccccc1)c1oc2ccccc2c1,68664,320.4,3,0,3.6,0,36.7,3,1,,182230,,,
Cc1sc(nn1)SCC1=C(N2[C@H](SC1)[C@H](NC(=O)[C@H](O)c1ccccc1)C2=O)C(O)=O CEFCANEL,68666,478.6,10,3,0.4,0,212,7,0,,183092,,,
OC1N=C(c2ccccc2Cl)c2nc(ccc2NC1=O)Cl,68672,322.1,4,2,2.7,0,74.6,1,1,,183810,,,
CN(C)CC1COC2(O1)c1ccccc1COc1ccccc21,68674,311.4,4,0,2.5,0,30.9,2,1,,184147,,,
CNc1nc(c(c(n1)N1CCN(C)CC1)SC)Cl,68678,287.81,6,1,2.3,0,69.6,3,1,,184820,,,
CCOC(=O)OC(C)OC(=O)[C@@H]1N2[C@H](SC1(C)C)[C@H](/N=C/N1CCCCCC1)C2=O BACMECILLINAM,68681,441.5,8,0,2.9,0,123,9,0,,185376,,,
NCC[C@H](O)C(=O)N[C@@H]1C[C@H](N)[C@@H](O[C@H]2O[C@H](CN)CC[C@H]2N)[C@H](O)[C@H]1O[C@H]1O[C@H](CO)[C@@H](O)[C@H](N)[C@H]1O ARBEKACIN,68682,552.6,15,11,-6.8,0,297,10,0,,188927,,,
CCCC(CCC)(CCC)C(N)=O,68689,185.31,1,1,3.2,0,43.1,7,1,,189875,,,
CC1=C(N2[C@H](SC1)[C@H](NC(=O)Cc1ccc(cc1)C1=NCCCN1)C2=O)C(O)=O CEFROTIL,68692,414.5,6,3,0.7,0,136,5,0,,193965,,,
COc1ccccc1N1CCN(CC1)CCC1=C(NC(=O)O1)c1ccc(cc1)F,68696,397.4,6,1,3.3,0,54,6,1,,193989,,,
Cn1nc(nc1c1ccccc1CO)c1cccnc1,68702,266.3,4,1,1.4,0,63.8,3,1,,193994,,,
Cc1ccccc1N1CCN(CCCOc2ccccn2)CC1,68710,311.4,4,0,3.5,0,28.6,6,1,,195376,,,
COc1ccc2n3c4c(c2c1)CCN=C4N(C)CC3,68713,255.31,2,0,1.4,0,29.8,1,1,,198061,,,
CC(C)(C)C(=O)OC1N=C(c2ccccc2)c2cc(ccc2NC1=O)Cl,68722,370.8,4,1,4.4,0,67.8,4,1,,198236,,,
CSc1c(nc(nc1N1CCN(C)CC1)NC(C)C)Cl,68725,315.87,6,1,3.1,0,69.6,4,1,,198730,,,
OCCN1CCN(CCCC2c3ccc(cc3Sc3ccc(cc23)C(F)(F)F)F)CC1,68751,454.5,8,1,4.6,0,52,6,1,,198752,,,
CCN(CC)CCOC(=O)[C@@H]1N2[C@H](SC1(C)C)[C@H](NC(=O)c1c(cccc1OC)OC)C2=O TAMETICILLIN,68757,479.6,8,1,2.3,0,123,11,0,,204665,,,
Clc1ccc2c(c1)C(=NCC(=O)N2CCOCC1CC1)c1ccccc1,68777,368.9,3,0,3.4,0,41.9,6,1,,205972,,,
CC(C)(C)N1CCC(CC1)(c1ccccc1)c1ccccc1,68778,293.4,1,0,5.2,0,3.2,3,1,,208832,,,
CN1C(=O)CN(C(c2ccccc2)c2cc(ccc12)Cl)C(N)=O,68787,329.8,2,1,2.1,0,66.6,1,1,,208838,,,
CC(C)C(CCCCCC(O)=O)NCc1ccc(cc1)F,68789,295.4,4,2,1.6,0,49.3,10,1,,208917,,,
Cc1ncc2n1c1ccc(cc1C(=NC2)c1ccccc1Cl)Cl,68790,342.2,2,0,3,0,30.2,1,1,,208921,,,
O=C(CN1CCCC1=O)NNC(=O)CN1CCCC1=O,68793,282.3,4,2,-1.8,0,98.8,4,1,,208922,,,
Cc1ccc2n3c4c(c2c1)CCCC4NCC3,68802,226.32,1,1,2.3,0,17,0,1,,208923,,,
CN(C)C(=O)CCNc1ccc(cc1)Br,68839,271.15,2,1,2.6,0,32.3,4,1,,208930,,,
CCC1(CC)C(=O)NC=C(C)C1=O,68842,181.23,2,1,1.4,0,46.2,2,1,,208954,,,
CCC(CC)(CC=C)C(N)=O,68845,155.24,1,1,1.8,0,43.1,5,1,,216247,,,
CN(C)CC(=O)N1c2ccccc2Sc2ccccc12,68846,284.4,3,0,3.1,0,48.8,2,1,,216254,,,
CCN(CC)S(=O)(=O)N[C@H]1C[C@H]2[C@@H](Cc3c[nH]c4cccc2c34)N(C)C1,68847,376.5,5,2,2.2,0,76.8,5,1,,216287,,,
CN(C)S(=O)(=O)N[C@H]1C[C@H]2[C@@H](Cc3cn(c4cccc2c34)C)N(C)C1,68848,362.5,5,1,1.4,0,66,3,1,,216376,,,
CN1CCC2=C(CC1)c1ccccc1Oc1ccccc21,68858,277.4,2,0,3.4,0,12.5,0,1,,216456,,,
CCN(CC)CC(=O)Oc1ccc(cc1)NC(C)=O,68865,264.32,4,1,1.1,0,58.6,7,1,,216992,,,
CCOc1cc(c(cc1C(=O)NC1CCN(CC1)CC1CCC=CC1)[N+]([O-])=O)N,68867,402.5,6,2,3.6,0,113,6,1,,218089,,,
CCCC(=O)O[C@@]1(CCC[C@H]2[C@@H]3CCC4=CC(=O)C=C[C@]4(C)[C@H]3[C@@H](O)C[C@@]21C)C(C)=O,68868,428.6,5,1,4.6,0,80.7,5,1,,219050,,,
CN1c2ccccc2C(NCCCCCCC(O)=O)c2ccc(cc2S1(=O)=O)Cl,68870,437,6,2,1.2,0,95.1,8,1,,219071,,,
COc1ccc2c(c1)CN(C)CC2c1ccc(c(c1)Cl)Cl,68871,322.2,2,0,4.5,0,12.5,2,1,,219081,,,
CCCN1CCCC1CNC(=O)c1cc(ccc1OC)S(N)(=O)=O,68880,355.5,6,2,1.1,0,110,7,1,,219095,,,
CC(C)(C)C(=O)NCCCC(O)=O,68888,187.24,3,2,0.8,0,66.4,5,1,,242364,,,
CNC1CCc2ncsc2C1,68895,168.26,3,1,1.3,0,53.2,1,1,,247704,,,
COc1cccc2c1C(=O)c1c(c3c(c(c1C2=O)O)C[C@](O)(C[C@@H]3O[C@H]1C[C@H](NC(=O)[C@@H](N)CC(C)C)[C@H](O)[C@H](C)O1)C(=O)CO)O LEURUBICIN,68897,656.7,13,7,2.3,0,235,9,0,,252327,,,
CN(C(=O)CNCC(C)=C)c1ccc(cc1C(=O)c1ccccc1)Cl,68903,356.8,3,1,4.1,0,49.4,7,1,,252360,,,
CCCN1CCC(=CC1)c1c[nH]c2ccc(cc12)Cl,68915,274.79,1,1,3.8,0,19,3,1,,255791,,,
CCC(=O)O[C@@]1(CC[C@H]2[C@@H]3CCC4=CC(=O)CC[C@]4(C)[C@H]3[C@@H](O)C[C@@]21C)C(=O)COC(C)=O,68921,460.6,7,1,3.3,0,107,7,1,,299322,,,
CC(=O)OCC1=C(N2[C@H](SC1)[C@H](NC(=O)Cc1ccccc1)C2=O)C(O)=O CEFALORAM,68940,390.4,7,2,0.2,0,138,7,0,,299379,,,
CN1CCC(CC1)OC1c2ccccc2CCc2ccccc12,70593,307.4,2,0,4.2,0,12.5,2,1,,428711,,,
CN(C)C(=O)C1(CCN(CCCC(=O)c2ccc(cc2)F)CC1)c1ccc(cc1)Cl,71101,430.9,4,0,3.5,0,40.6,7,1,,431429,,,
CC1(C)S[C@@H]2[C@H](NC(=O)C(Oc3ccccc3)c3ccccc3)C(=O)N2[C@H]1C(O)=O FENBENICILLIN,71107,426.5,6,2,3.5,0,121,6,0,,439280,,,
OC(CN1CCCCC1)c1cc(on1)c1ccccc1,71109,272.34,4,1,2.1,0,49.5,4,1,,442949,,,
CCCC(CCC)C(N)=O,71113,143.23,1,1,2.1,0,43.1,5,1,,444031,,,
CN(C)CCC=C1c2ccccc2Sc2ccccc12,71115,281.4,2,0,4.6,0,28.5,3,1,,444795,,,
CN1C(=O)CC2(CCN(CCCC(=O)c3ccc(cc3)F)CC2)C1=O,71117,346.4,5,0,1.3,0,57.7,5,1,,445143,,,
CN1CCc2[nH]c3ccc4scc(c4c3c2C1)C,71140,256.4,2,1,3.3,0,47.3,0,1,,448537,,,
CN(C(=O)CN(CCO)CCO)c1ccc(cc1C(=O)c1ccccc1Cl)Cl,71142,425.3,5,2,2.6,0,81.1,9,1,,449215,,,
COc1cccc(c1OC)C(=O)N[C@H]1C[C@@H]2CC[C@H](C1)N2Cc1ccccc1,71148,380.5,4,1,3.8,0,50.8,6,1,,460612,,,
O=C1CCN=C2CC(CN12)c1ccccc1,71152,214.26,2,0,0.6,0,32.7,1,1,,466470,,,
NC(=O)NCCN1CCN(CC1)c1cccc(c1)C(F)(F)F,71153,316.32,6,2,1.5,0,61.6,4,1,,474901,,,
Cc1cccc(c1NC(=O)CN1CCCC1=O)C,71157,246.3,2,1,1.4,0,49.4,3,1,,521716,,,
CCCC(CCC)C(=O)OCOC(=O)C(C)(C)C,71160,258.35,4,0,4.3,0,52.6,10,1,,547559,,,
CC1(CC(=O)N(CN2CCOCC2)C1=O)c1ccccc1,71165,288.34,4,0,1,0,49.8,3,1,,565900,,,
COc1ccc2c(c1)C(O)(CCCN(C)C)c1ccccc1S2,71195,329.5,4,1,3.4,0,58,5,1,,622931,,,
CN1C(c2ccc(c(c2)Cl)Cl)S(=O)(=O)CCC1=O,71209,308.2,3,0,1.7,0,62.8,1,1,,638046,,,
Cc1ccccc1OCC(COC(O)C(Cl)(Cl)Cl)OC(O)C(Cl)(Cl)Cl,71215,477,5,2,4.7,0,68.2,8,1,,638186,,,
C1CC(CCN1)CCc1cc(nc2ccccc12)c1ccccc1,71219,316.4,2,1,5,0,24.9,4,1,,639540,,,
CN1C(=O)CC(=O)N(c2ccccc2)c2c(n[nH]c12)C,71228,270.29,3,1,1.1,0,69.3,1,1,,641115,,,
OCCN1CCN(CC1)[C@@H]1C[C@@H](c2ccc(cc2)F)c2ccc(cc21)C(F)(F)F,71240,408.4,7,1,3.7,0,26.7,4,1,,643606,,,
CC(C)NS(=O)(=O)CCN1C(=O)c2ccccc2C1=O,71248,296.34,5,1,1.4,0,91.9,5,1,,643985,,,
CNS(=O)(=O)c1cc(c(cc1N)OC)C(=O)NCC1CCCN1CC=C,71253,382.5,7,3,1.2,0,122,8,1,,644000,,,
CC(C)(C)NCC(O)c1ccccc1F,71254,211.28,3,2,1.7,0,32.3,4,1,,667420,,,
COc1cc2c(cc1OC)C(=NN=C(C)C2)c1cccc(c1)Cl,71257,328.8,4,0,3.8,0,43.2,3,1,,667436,,,
Cc1cc(nnc1NCCN1CCOCC1)c1ccc(cc1)O,71258,314.4,6,2,1.7,0,70.5,5,1,,667440,,,
CC[C@H]1OC(=O)[C@H](C)[C@@H](O[C@H]2C[C@@](C)(OC)[C@@H](O)[C@H](C)O2)[C@H](C)[C@@H](O[C@@H]2O[C@H](C)C[C@@H]([C@H]2O)N(C)C)[C@](C)(O)C[C@](C)(F)C(=O)[C@H](C)[C@@H](O)[C@]1(C)O FLURITHROMYCIN,71260,751.9,15,5,2.8,0,194,7,0,,667444,,,
COCC1CN=C(c2ccccc2Cl)c2cc(ccc2N1C)Br,71272,393.7,3,0,4.4,0,24.8,3,1,,667467,,,
CC[C@H]1OC(=O)[C@H](C)[C@@H](O[C@H]2C[C@@](C)(OC)[C@@H](O)[C@H](C)O2)[C@H](C)[C@@H](O[C@@H]2O[C@H](C)C[C@@H]([C@H]2OC(=O)CC)N(C)C)[C@](C)(O)C[C@@H](C)C(=O)[C@H](C)[C@@H](O)[C@]1(C)O ERYTHROMYCIN-PROPIONATE,71277,790,15,4,3.7,0,200,10,0,,667468,,,
CN1C(=O)N(C)c2ncn(c2C1=O)CCN1CCC(CC1)c1c[nH]c2ccccc12,71304,406.5,4,1,1.9,0,77.5,4,1,,667477,,,
C[C@@H](O)[C@@H]1[C@H]2[C@@H](C)C(=C(N2C1=O)C([O-])=O)SC1Cn2cnc[n+]2C1 BIAPENEM,71339,350.4,6,1,1.4,0,128,3,0,,667530,,,
Nc1cc(c(cc1Cl)C(=O)NC1CN2CCC1CC2)OCC1CC1,71342,349.9,4,2,2.5,0,67.6,5,1,,667534,,,
CC1=CC=CN2C(=O)C(=C(C)N=C21)CCN1CCC(CC1)c1noc2cc(ccc12)F,71351,420.5,6,0,3.3,0,61.9,4,1,,667550,,,
CN(C)[C@@H](CCOc1cccc2ccccc21)c1ccccc1,71353,305.4,2,0,5.1,0,12.5,6,1,,667684,,,
COc1cc(ccc1OCCCN1CCC(CC1)c1noc2cc(ccc12)F)C(C)=O,71360,426.5,7,0,4.1,0,64.8,8,1,,667687,,,
CC1(C)S[C@@H]2[C@H](NC(=O)CSCC=C)C(=O)N2[C@H]1C(O)=O ALMECILLIN,71365,330.4,6,2,1.8,0,137,6,0,,676643,,,
CCCC(=O)O[C@@]1([C@@H](C)C[C@H]2[C@@H]3CCC4=CC(=O)C=C[C@]4(C)[C@@]3(F)C(=O)C[C@@]21C)C(=O)CCl,71386,479,6,0,3.8,0,77.5,6,1,,688011,,,
CC1(C)S[C@@H]2[C@H](NC(=O)[C@H](N)C3=CCC=CC3)C(=O)N2[C@H]1C(O)=O EPICILLIN,71392,351.4,6,3,-1.3,0,138,4,0,,688095,,,
CN(C)CC#CC=C1c2ccccc2C=Cc2ccccc12,71397,285.4,1,0,4.5,0,3.2,1,1,,688145,,,
CC(=O)C1=C(O)[C@H](N)[C@@H]2Cc3c(c4ccc(c(c4c(c3C(=O)[C@]2(O)C1=O)O)O)C)C CETOCYCLINE,71402,411.4,8,5,2,0,158,1,0,,688272,,,
C[C@H]1C[C@H]2[C@@H]3CC[C@H](C(C)=O)[C@@]3(C)C[C@H](O)[C@@H]2[C@@]2(C)C=CC(=O)C=C12,71422,342.5,3,1,2.9,0,54.4,1,1,,688437,,,
CC1(C)S[C@@H]2[C@H](NC(=O)[C@H](N)c3ccccc3)C(=O)N2[C@H]1C(=O)OC1OC(=O)c2ccccc12 TALAMPICILLIN,71447,481.5,8,2,2.7,0,153,6,0,,688469,,,
CO[C@H]1CCC[C@@H]2[C@@H]3[C@@H]([C@@H](C)O)C(=O)N3C(=C12)C(O)=O SANFETRINEM,71452,281.3,5,2,-0.1,0,87.1,3,0,,688483,,,
CC(COc1ccccc1)NN,71467,166.22,3,2,1.1,0,47.3,4,1,,698135,,,
CN1C2CCC1CC(C2)OC(=O)C(C)(CO)c1ccccc1,71626,303.4,4,1,2.6,0,49.8,5,1,,712707,,,
CN(C)CC1=Cc2ccccc2Sc2ccccc12,71644,267.4,2,0,3.9,0,28.5,2,1,,719234,,,
CC(NNC(=O)c1ccccc1)c1ccccc1,71671,240.3,2,2,2.9,0,41.1,4,1,,727961,,,
Clc1ccc2c(c1)N(C(=O)CCN2)c1ccccc1,71709,272.73,2,1,2.5,0,32.3,1,1,,728634,,,
O=C1NC(=O)C2(CCc3ccccc3C2)N1,71726,216.24,2,2,1.2,0,58.2,0,1,,735997,,,
Cc1sc(nn1)SCC1=C(N2[C@H](SC1)[C@H](NC(=O)CN1C=C(Cl)C(=O)C(=C1)Cl)C2=O)C(O)=O CEFAZEDONE,71736,548.4,11,2,1.1,0,212,7,0,,736041,,,
CC(NCCn1cnc2c1C(=O)N(C)C(=O)N2C)C(O)c1ccccc1,71740,357.4,5,2,0.3,0,90.7,6,1,,736083,,,
Fc1ccc(cc1)C(=O)C1CCN(CCCN2C(=O)Nc3ccccc23)CC1,71744,381.4,4,1,3.1,0,52.6,6,1,,801221,,,
CN1[C@@H]2CC[C@H]1C[C@@H](C2)NC(=O)N1CC(C)(C)c2ccccc21,71785,313.4,2,1,3.2,0,35.6,1,1,,854019,,,
COC(C(=O)N[C@H]1[C@H]2SC(C)(C)[C@@H](N2C1=O)C(O)=O)c1ccc(c(c1)Cl)Cl CLOMETOCILLIN,71807,433.3,6,2,2.7,0,121,5,0,,928501,,,
CNC(=O)NC(O)C(Cl)(Cl)Cl,71808,221.47,2,3,0.7,0,61.4,1,1,,929049,,,
CCS(=O)(=O)c1ccc(cc1)F,71814,188.22,3,0,1.6,0,42.5,2,1,,934161,,,
CCc1ccc2c(c1)N(CC(C)CN(C)C)c1ccccc1S2,71823,326.5,3,0,5.5,0,31.8,5,1,,937011,,,
NNCC1CCCCC1,71824,128.22,2,2,1.4,0,38,2,1,,941650,,,
OCC1(CO)COC(OC1)C(Cl)(Cl)Cl,71839,265.5,4,2,0.5,0,58.9,2,1,,941651,,,
CO[C@H]1[C@@H](C[C@@H]2CN3CCc4c([nH]c5ccc(cc54)Cl)[C@H]3C[C@@H]2[C@@H]1C(=O)OC)OC(=O)c1cc(c(c(c1)OC)OC)OC,71844,613.1,9,1,4.7,0,109,9,1,,969462,,,
CN1C(=O)N(C)c2ncn(c2C1=O)CCNCC(O)c1ccc(c(c1)O)O THEODRENALINE,71857,375.4,7,4,-0.8,0,131,6,0,,969472,,,
C[N+]1(CCCS([O-])(=O)=O)C2CCC1CC(C2)OC(=O)C(CO)c1ccccc1 SULTROPONIUM,71868,411.5,6,1,1,0,112,8,0,,969494,,,
CC(N(C)C)C(=O)c1ccccc1,71872,177.24,2,0,2.1,0,20.3,3,1,,969503,,,
CN(C)CCOC(=O)CCC1CCCCC1,71875,227.34,3,0,3.2,0,29.5,7,1,,989438,,,
CCCCOCC(CN1C(=O)N(CC(COCCCC)OC(N)=O)C(=O)C(CC)(C1=O)c1ccccc1)OC(N)=O,71880,578.7,9,2,2.6,0,181,20,1,,1129902,,,
CC1(C)SC2C(NC(=O)C(N=[N+]=[N-])c3ccccc3)C(=O)N2C1C(O)=O AZIDOCILLIN,71886,375.4,7,2,2.8,0,126,5,0,,1398735,,,
Cc1[nH]nc(c1)CCN1CCN(CC1)c1cccc(c1)Cl,71897,304.82,3,1,3.2,0,35.2,4,1,,1497794,,,
CC(C)c1ccccc1OCC1=NCCN1 FENOXAZOLINE,71899,218.29,2,1,2,0,33.6,4,0,,1548968,,,
CC(C)CCOC(CN1CCCC1)c1ccccc1,71911,261.4,2,0,3.6,0,12.5,7,1,,1548976,,,
CC(CCN1CCN(CC1)c1ccc(cc1)F)NC(=O)c1cccnc1,71919,356.4,5,1,2.6,0,48.5,6,1,,1614700,,,
CC(Cc1ccccc1)[N+]1=C\C(\O[N-]1)=N/C(=O)Nc1ccccc1,71932,322.4,4,1,4.9,0,77.4,6,1,,1712056,,,
CN(C)CC(=O)C=C1c2ccccc2CCc2ccccc12,71935,291.4,2,0,3.6,0,20.3,3,1,,1712084,,,
Clc1ccccc1C1=NCc2nnc(n2c2sc(cc12)Br)C1CCCCC1,71949,461.8,4,0,4.6,0,71.3,2,1,,1715119,,,
CCO[C@H]1C[C@@]2(C)[C@@H](CC[C@H]3[C@@H]4CC[C@H](C(C)=O)[C@@]4(C)C[C@H]([C@@H]32)N(C)C)C[C@@H]1O,71960,405.6,4,1,4.2,0,49.8,4,1,,1917817,,,
CN(C(=O)CNC(=O)[C@@H](N)CCCCN)c1ccc(cc1C(=O)c1ccccc1)Cl,71968,430.9,5,3,1.9,0,119,10,1,,2723601,,,
Fc1cccc(c1NC1=NCCN1)Br,71969,258.09,2,2,1.4,0,36.4,2,1,,2733526,,,
Cc1cccc(c1C)O[C@H]1CCNC[C@H]1O,71971,221.29,3,2,1.8,0,41.5,2,1,,2761171,,,
CC1(C)S[C@@H]2[C@H](NC(=O)[C@H](NC(=O)C3=CC=C(NC3=O)c3ccc(cc3)S(=O)(=O)N(CCO)CCO)c3ccc(cc3)O)C(=O)N2[C@H]1C(O)=O PIRIDICILLIN,71978,729.8,13,7,0.7,0,277,13,0,,2776666,,,
CNC(=O)O[C@@H]1OC(=O)[C@H]2[C@H]3C[C@H](C=C3)[C@@H]12,71995,223.22,4,1,1.1,0,64.6,2,1,,3000516,,,
O=C(NC1CCN(CC1)Cc1ccc2ccccc2c1)NC(=O)c1ccccc1,72002,387.5,3,2,4.7,0,61.4,4,1,,3032583,,,
O=C1N(CCCN2CCN(CC2)c2ncccn2)S(=O)(=O)c2ccccc12,72024,387.5,7,0,1.2,0,95.1,5,1,,3032771,,,
Fc1ccc2[nH]c3c(c2c1)CN(CCc1ccncc1)CC3,72038,295.4,3,1,2.9,0,31.9,3,1,,3033019,,,
CCC(C(=O)NC(N)=O)c1ccccc1,72060,206.24,2,2,1.8,0,72.2,3,1,,3033023,,,
O=C(Nc1ccccc1)OCC1(CCCC1)COC(=O)Nc1ccccc1,72076,368.4,4,2,4.5,0,76.7,8,1,,3033151,,,
NS(=O)(=O)c1ccc(c(c1)Cl)N1C(=O)CC(C1=O)c1ccccc1,72094,364.8,5,1,1.6,0,106,3,1,,3033821,,,
Cn1cc2c(c1C)C(=NCC(=O)N2)c1ccccc1,72104,253.3,2,1,1.6,0,46.4,1,1,,3033860,,,
CO[C@H]1C=CO[C@@]2(C)Oc3c(c(c4c(c(c5n6c(nc5c4c3C2=O)C=C(C)C=C6)NC(=O)C(=CC=C[C@H](C)[C@H](O)[C@@H](C)[C@@H](O)[C@@H](C)[C@H](OC(C)=O)[C@@H]1C)C)O)O)C RIFAXIMIN,72111,785.9,12,5,6.9,0,198,3,0,,3033955,,,
N#Cc1cc(nnc1NCCN1CCOCC1)c1ccccc1,72119,309.4,6,1,1.9,0,74.1,5,1,,3033983,,,
CCCC1(C)COB(OC1)c1ccc(cc1)C,72134,232.13,2,0,,0,18.5,3,1,,3033985,,,
CCCC(C)C1(C=C)C(=O)NC(=O)NC1=O,72135,224.26,3,2,2,0,75.3,4,1,,3034012,,,
CC(CN(C)C)CN1c2ccccc2Sc2ccc(cc12)C(F)(F)F,72136,366.4,6,0,5.6,0,31.8,4,1,,3034022,,,
CCc1c([n+](c(c2cc(c(cc12)OC)OC)c1ccc(c(c1)OC)OC)[N-])C,72149,382.5,5,1,4.7,0,41.8,6,1,,3034023,,,
CC1(C)CN(CCN2CCN(C2=O)c2cccc(c2)Cl)C1,72155,307.82,2,0,2.7,0,26.8,4,1,,3034024,,,
NC[C@H]1O[C@H](O[C@@H]2[C@@H](N)C[C@@H](N)[C@H](O)[C@H]2O)[C@H](N)[C@@H](O)[C@@H]1O NEOMYCIN,72392,322.36,10,8,-5.4,0,204,3,0,,3034043,,,
CC1CN(CCN1)c1cc2c(c(c1F)C)C(=O)C(=CN2C1CC1)C(O)=O,72474,359.4,7,2,-0.2,0,72.9,3,0,,3035905,,,
CO[C@H]1C[C@@H](O[C@@H](C)[C@@H]1O)O[C@H]1[C@H](C)[C@@H](O[C@@H]2O[C@H](C)C[C@@H]([C@H]2O)N(C)C)[C@@H](C)C[C@@]2(CO2)C(=O)[C@H](C)[C@@H](O)[C@@H](C)[C@@H](C)OC(=O)[C@@H]1C OLEANDOMYCIN,72493,687.9,13,3,2.6,0,166,6,0,,3036235,,,
CCNC(=O)N1CCN(CCCC(c2ccc(cc2)F)c2ccc(cc2)F)CC1,73333,401.5,4,1,4.1,0,35.6,7,1,,3036746,,,
CC(C)C[C@@H]1NC(=O)[C@H](CCCN)NC(=O)[C@@H](NC(=O)[C@@H]2CCCN2C(=O)[C@@H](Cc2ccccc2)NC(=O)[C@H](CC(C)C)NC(=O)[C@H](CCCN)NC(=O)[C@@H](NC(=O)[C@@H]2CCCN2C(=O)[C@@H](Cc2ccccc2)NC1=O)C(C)C)C(C)C GRAMICIDIN-S,73357,1141.4,12,10,4.6,0,326,16,0,,3037070,,,
CCC(=O)Nc1ccc(cc1)O,74325,165.19,2,2,1.3,0,49.3,2,1,,3037171,,,
CCN(C)C(=O)Oc1cccc(c1)[C@H](C)N(C)C,77991,250.34,3,0,2.3,0,32.8,5,1,,3041256,,,
CNCCC=C1c2ccccc2C(C)(C)c2ccccc12,82730,277.4,1,1,5.1,0,12,3,1,,3042817,,,
CC(C)(O)CC(C)(O)c1ccc(cc1)Cl,85896,228.71,2,2,2.2,0,40.5,3,1,,3045375,,,
CC(C)[C@@]1(O)CCN2C[C@@H]3c4ccccc4CCc4cccc(c34)[C@H]2C1,91267,347.5,2,1,4.6,0,23.5,1,1,,3047746,,,
CC(=O)OCC1=C(N2[C@H](SC1)[C@H](NC(=O)CC#N)C2=O)C(O)=O CEFACETRILE,91562,339.33,8,2,-0.5,0,162,6,0,,3047751,,,
CCC(Oc1ccccc1)C(=O)N[C@H]1[C@H]2SC(C)(C)[C@@H](N2C1=O)C(O)=O PROPICILLIN,92879,378.4,6,2,2.7,0,121,6,0,,3047795,,,
CC1(C)S[C@@H]2[C@H](NC(=O)c3nc4ccccc4nc3C(O)=O)C(=O)N2[C@H]1C(O)=O QUINACILLIN,92894,416.4,9,3,1.4,0,175,4,0,,3047810,,,
C[C@H](CN1CCOCC1)C(C(=O)N1CCCC1)(c1ccccc1)c1ccccc1,92943,392.5,3,0,3.8,0,32.8,6,1,,3047812,,,
CC(C)(C)CC(=O)OCC(=O)[C@@]1(O)CC[C@H]2[C@@H]3CCC4=CC(=O)C=C[C@]4(C)[C@H]3[C@@H](O)C[C@@]21C,93055,458.6,6,2,4.1,0,101,6,1,,3047830,,,
C1CN2CCC1C(C2)N1c2ccccc2CCc2ccccc12,93154,304.4,2,0,4.5,0,6.5,1,1,,3050405,,,
CC1(C)S[C@@H]2[C@H](NC(=O)C(C(=O)Oc3ccc4c(c3)CCC4)c3ccccc3)C(=O)N2[C@H]1C(O)=O CARINDACILLIN,93184,494.6,7,2,3.8,0,138,7,0,,3052772,,,
CN(C)CCCN1c2ccccc2C(C)(C)c2ccccc12,94280,294.4,2,0,5.4,0,6.5,4,1,,3052777,,,
CCCC(CC)C1(CC)C(=O)NC(=O)NC1=O,101534,240.3,3,2,2.6,0,75.3,5,1,,3055076,,,
C[C@@H](O)[C@@H]1[C@H]2CC(=C(N2C1=O)C(O)=O)SCCN/C=N IMIPENEM,104838,299.35,6,3,-0.7,0,142,6,0,,3058746,,,
CC(=O)[C@H]1CC[C@H]2[C@@H]3CC[C@H]4C[C@H](O)CC[C@]4(C)[C@H]3C(=O)C[C@@]21C,104845,332.5,3,1,3.2,0,54.4,1,1,,3058751,,,
CC(=O)SCC(Cc1ccccc1)C(=O)NCC(=O)OCc1ccccc1,107751,385.5,5,1,3.3,0,97.8,11,1,,3058753,,,
CC(C)C(=O)O[C@@]1([C@@H](C)C[C@H]2[C@@H]3CCC4=CC(=O)C=C[C@]4(C)[C@@]3(F)[C@@H](O)C[C@@]21C)C(=O)COC(C)=O,111080,504.6,8,1,3.7,0,107,7,1,,3061160,,,
CC(CN1C(=O)c2cccnc2Nc2ccccc12)N(C)C,112029,296.37,4,1,2.3,0,48.5,3,1,,3063289,,,
CS(=O)(=O)c1ccc(cc1)[C@@H](O)[C@@H](CF)NC(=O)C(Cl)Cl,114811,358.2,5,2,0.8,0,91.8,6,1,,3064105,,,
O=C1[C@@H]2CCCC[C@@H]2C(=O)N1CCCCN1CCN(CC1)c1nsc2ccccc12,115368,426.6,6,0,3.9,0,85,6,1,,3070609,,,
C1COC(CN1)COc1ccccc1Cc1sccc1,119114,289.4,4,1,2.8,0,58.7,5,1,,3081078,,,
CCC(=O)O[C@@]1(CCN(C)C[C@@H]1C)c1ccccc1,120738,261.36,3,0,2.8,0,29.5,4,1,,3081300,,,
CCOC(=O)Nc1ccc(cc1N)NCc1ccc(cc1)F,121892,303.33,5,3,2.8,0,76.4,6,1,,3082718,,,
CCc1c([nH]c2c1C(=O)[C@@H]1CN(C)CC[C@H]1C2)C,121903,246.35,2,1,2.1,0,36.1,1,1,,3084338,,,
CCC1NC(=O)C(NC(=O)c2ncccc2O)C(C)OC(=O)C(NC(=O)C2CC(=O)CCN2C(=O)C(Cc2ccccc2)N(C)C(=O)C2CCCN2C1=O)c1ccccc1 VIRGINIAMYCIN-FACTOR-S1,122731,823.9,11,4,2.7,0,225,6,0,,3085156,,,
CCN1CCN(CC1)c1cc(c2c(n1)CCCCCC2)c1ccc(cc1)F,125564,367.5,4,0,5.5,0,19.4,3,1,,3085218,,,
CN[C@@H]1C[C@@H](c2ccc(c(c2)Cl)Cl)c2ccccc12,126280,292.2,1,1,4.4,0,12,2,1,,3086516,,,
CN(Cc1cnc2nc(nc(c2n1)N)N)c1ccc(cc1)C(=O)N[C@@H](CCC(O)=O)C(O)=O,126941,454.4,12,5,-1.8,0,211,9,0,,3246096,,,
C[C@@]12C[C@H](O)[C@@]3(F)[C@@H](CCC4=CC(=O)C=C[C@@]43C)[C@@H]2CC[C@]1(O)C(=O)CO,127516,378.4,6,3,1.5,0,94.8,2,1,,3763607,,,
FC(F)(F)c1cccc(c1)C1=CCN(CCc2ccc3ccccc3c2)CC1,128919,381.4,4,0,6.2,0,3.2,4,1,,4369439,,,
NC(=O)c1cn(nn1)Cc1c(cccc1F)F,129228,238.19,5,1,0.7,0,73.8,3,1,,4369440,,,
CCC(=O)N([C@@H]1CCC[C@H]1N(C)C)c1ccc(c(c1)Cl)Cl,130380,329.3,2,0,4,0,23.6,4,1,,4375468,,,
CNCC(O)c1cccc(c1)OC(=O)C(C)(C)C PIVENFRINE,130545,251.32,4,2,1.2,0,58.6,6,0,,4659569,,,
O=C(NCCN1CCN(CC1)c1ncccn1)C12CC3CC(CC(C3)C1)C2,130918,369.5,5,1,2.4,0,61.4,5,1,,4715169,,,
CN(C)C(C)(CO)Cc1ccc(c(c1)Cl)Cl,131074,262.17,2,1,3,0,23.5,4,1,,4913274,,,
CCCCCCSc1nsnc1C1=CCCN(C)C1,131460,297.5,5,0,3.8,0,82.6,7,1,,5280567,,,
CCN(CC)C(=O)N1CCN(CCCc2nc3c(n2C)C(=O)N(C)C(=O)N3C)CC1,132157,419.5,5,0,0.3,0,85.2,6,1,,5281404,,,
Cn1nc(c2c1N(C)C(=O)CC(=O)N2c1ccccc1)C,132677,284.31,3,0,1.1,0,58.4,1,1,,5281708,,,
COc1ccc(cc1OC)[C@H](O)CN1CCN(CC1)C1=CC=CC=CC1=O,133371,370.4,6,1,2.5,0,62.2,6,1,,5281881,,,
Fc1ccc(cc1)C(=O)CCCN1CCN(CC1)c1cc2ccccc2cn1,133832,377.5,5,0,4.5,0,36.4,6,1,,5282168,,,
OCC(NC(=O)CN=[N+]=[N-])C(O)c1ccc(cc1)[N+]([O-])=O,133952,295.25,7,3,1,0,130,6,1,,5282426,,,
CNCCCN1c2ccccc2C(C)(C)c2ccccc12,145765,280.4,2,1,5.5,0,15.3,4,1,,5284456,,,
NC(=O)N1CC(C1)Oc1cccc(c1)C(F)(F)F,146291,260.21,5,1,1.5,0,55.6,2,1,,5284583,,,
COc1ccc(cc1OC)C(O)CN1CCN(CC1)C(c1ccccc1)c1ccccc1,146396,432.6,5,1,4.1,0,45.2,8,1,,5284636,,,
C[C@H]1COc2c(c(cc3c2N1C=C(C(O)=O)C3=O)F)N1CCN(C)CC1,149096,361.4,8,1,-0.4,0,73.3,2,0,,5311017,,,
COc1cccc2c1C(=O)c1c(c3c(c(c1C2=O)O)C[C@](O)(C[C@@H]3O[C@H]1C[C@H](N)C[C@H](C)O1)C(=O)CO)O ESORUBICIN,152036,527.5,11,5,2.2,0,186,5,0,,5311045,,,
CN1[C@H]2CC[C@@H]1CC(C2)OC(=O)[C@H](CO)c1ccccc1,154417,289.4,4,1,1.8,0,49.8,5,1,,5311057,,,
CCCCCCCCCC(=O)OC1(CCN(CCCC(=O)c2ccc(cc2)F)CC1)c1ccc(cc1)Br,156321,574.6,5,0,7.9,0,46.6,16,1,,5311360,,,
CC1(C)[C@@H]2CC[C@@]1(C)C(=O)C2,159055,152.23,1,0,2.2,0,17.1,0,1,,5311424,,,
CN1CCN(CC1)c1cc2c(nn1)Oc1ccccc1N2C,159977,297.35,6,0,1.7,0,44.7,1,1,,5311507,,,
CNC1CCN2c3ccccc3CCc3cccc1c23,160410,264.4,2,1,3.4,0,15.3,1,1,,5324346,,,
CC(=O)NNC(=O)CC(O)(c1ccccc1)c1ccccc1,160415,298.34,3,3,1.3,0,78.4,4,1,,5326701,,,
CCN(CC)CCC(=O)N1c2ccccc2Sc2ccc(cc12)C(F)(F)F,161562,394.5,6,0,4.6,0,48.8,5,1,,5353428,,,
C[C@@]12CCC(=O)C=C2CC[C@H]2[C@@H]3CC[C@](O)(C(=O)CS)[C@@]3(C)C[C@H](O)[C@@H]21,162955,378.5,5,3,2,0,75.6,2,1,,5353477,,,
N\C(=N)\c1oc(cc1)c1ccccc1[N+]([O-])=O,163304,231.21,4,2,1.8,0,109,2,1,,5353523,,,
CN[C@@H]1CC[C@@H](c2ccccc2)c2ccccc12,163308,237.34,1,1,3.5,0,12,2,1,,5353646,,,
C1CN2C(CN=C2N1)c1ccccc1,163316,187.24,1,1,0.5,0,27.6,1,1,,5354486,,,
CCC1(NCC(=O)NC1=O)c1ccccc1,163317,218.25,3,2,1.1,0,58.2,2,1,,5361192,,,
CCCCCC(C)C(C)c1cc(c2c(c1)OC(C)(C)C1=C2CC(C)CC1)OC(=O)CCCN1CCCCCC1,163326,537.8,4,0,8.9,0,38.8,12,1,,5361354,,,
Fc1ccc(cc1)N1CNC(=O)C21CCN(CCCC(=O)c1ccc(cc1)F)CC2,166535,413.5,6,1,3.1,0,52.6,6,1,,5365247,,,
CCOC(=O)c1[nH]c2cc(c(cc2c1CCN1CCN(CC1)c1ccccc1)OC)OC,166547,437.5,6,1,4.4,0,67,9,1,,5378630,,,
Clc1ccc2c(c1)C(=NCC(=O)N2)C1=CCCCC1,166581,274.74,2,1,3,0,41.5,1,1,,5388962,,,
C[C@@H]1C[C@H]2C3CCC4=CC(=O)C=C[C@]4(C)[C@@]3(F)[C@@H](O)C[C@]2(C)[C@@]1(OC(=O)c1occc1)C(=O)COC(C)=O,168903,528.6,9,1,3.7,0,120,7,1,,5393145,,,
Clc1ccc2c(c1)NC(=O)N2C1CCN(CC1)CC1COc2ccccc2O1,170359,399.9,4,1,4.7,0,54,3,1,,5464200,,,
COc1ccc(cc1)OC[C@H]1CN(C)CCC1c1ccccc1,171501,311.4,3,0,4,0,21.7,5,1,,5466987,,,
OC(=O)CCCC[C@@H]1SC[C@@H]2NC(=O)N[C@@H]21,171548,244.31,4,3,0.3,0,104,5,1,,5477380,,,
CO[C@]1(NC(=O)C(C(O)=O)c2cscc2)[C@H]2SC(C)(C)[C@@H](N2C1=O)C(O)=O TEMOCILLIN,171758,414.5,9,3,1.1,0,187,6,0,,5486198,,,
CNC[C@@H]1CN(C(=O)O1)c1ccc(cc1)OCc1cccc(c1)Cl,172287,346.8,4,1,3.2,0,50.8,6,1,,5492298,,,
CC(CC#N)N(C)CC(=O)N(C)c1ccc(cc1C(=O)c1ccccc1F)Cl,172288,401.9,5,0,3.5,0,64.4,7,1,,5709842,,,
COc1ccc2c([nH]c(c2C2CCN(CCCC(=O)c3ccc(cc3)F)CC2)C)c1,172296,408.5,4,1,4.8,0,45.3,7,1,,5742631,,,
CCOC(=O)N(CCN(C)C)c1cccc(c1)C(F)(F)F,172309,304.31,6,0,3,0,32.8,6,1,,5745797,,,
CN(C)CCC1(CCc2ccccc2C1=O)c1ccccc1,174100,293.4,2,0,3.9,0,20.3,4,1,,5748361,,,
CN1[C@@H]2CC[C@H]1CC(C2)OC(=O)C(CO)c1ccccc1,174174,289.4,4,1,1.8,0,49.8,5,1,,5826113,,,
CC(Cc1ccccc1)[N+](C)([O-])Cc1ccccc1,176171,255.35,1,0,3.6,0,18.1,5,1,,5887853,,,
CC(=O)NCCCN1CCN(CC1)c1cc(ccc1Cl)Cl,176864,330.2,3,1,2.8,0,35.6,5,1,,5895404,,,
CN1CCCc2cccc(c12)OCC1CNCCO1,177949,262.35,4,1,1.7,0,33.7,3,1,,6015423,,,
CCCN(CCCCN1C(=O)CC2(CCCC2)CC1=O)[C@@H]1COc2cccc(c2C1)OC,178132,442.6,5,0,4.6,0,59.1,9,1,,6093332,,,
CC(=O)NCCn1c(cc(c1C)C=O)C,178134,208.26,2,1,0.2,0,51.1,4,1,,6093336,,,
CC(Cc1ccccc1)NCCC1c2ccccc2Sc2ccccc12,178145,359.5,2,1,6.1,0,37.3,6,1,,6100722,,,
CCCNC(=O)c1ccc2c(c1)N([C@H](C)CN1CCCC1)c1ccccc1S2,179334,395.6,4,1,4.9,0,60.9,6,1,,6154037,,,
CN([C@H](CN1CC[C@H](O)C1)c1ccccc1)C(=O)C(c1ccccc1)c1ccccc1,179340,414.5,3,1,4.1,0,43.8,7,1,,6244162,,,
CC(C)c1sc(nn1)COc1ccc2c(c1)OC(=O)C(=C2C)C,179342,330.4,6,0,3.3,0,89.6,4,1,,6321305,,,
C1CN2CCc3ccccc3C2CN1,179345,188.27,2,1,1.2,0,15.3,0,1,,6328465,,,
C[C@H](N)C(=O)O[C@@H](C(=O)N[C@H]1[C@H]2SCC(=C(N2C1=O)C(=O)OCC1=C(C)OC(=O)O1)CSc1sc(nn1)C)c1ccccc1 CEFCANEL-DALOXATE,179697,661.7,15,2,1,0,268,13,0,,6335903,,,
CC(=O)N[C@@H](CCC(N)=O)C(O)=O,182230,188.18,4,3,-1.4,0,110,5,1,,6338045,,,
O=C1CCC(=O)N1C[C@H]1CC[C@H]2CN(CCN2C1)c1ncccn1,183092,329.4,6,0,0.2,0,69.6,3,1,,6347538,,,
Fc1ccc(cc1)[C@H]1C[C@@H]2CN(CCN3C(=O)Nc4ccccc4C3=O)C[C@@H]21,184841,379.4,4,1,2.9,0,52.6,4,1,,6426759,,,
CN1C(=O)CN=C(C2=CCCCC2)c2cc(ccc21)[N+]([O-])=O,189875,299.32,4,0,2.4,0,78.5,1,1,,6433158,,,
CC1=C(N2[C@H](SC1)[C@H](NC(=O)[C@H](N)c1ccc(c(c1)Cl)O)C2=O)C(O)=O CEFEDROLOR,193953,397.8,7,4,-1.4,0,158,4,0,,6433520,,,
OC(=O)C1=C(CS[C@@H]2[C@H](NC(=O)Cc3sccc3)C(=O)N21)CSc1n[nH]cn1 CEFETRIZOLE,193956,437.5,9,3,1,0,207,7,0,,6433620,,,
CC1=NNC(=O)C(=C1)C,193965,124.14,2,1,0,0,41.5,0,1,,6435812,,,
CN(C(=O)CNC1CC1)c1ccc(cc1C(=O)c1ccccc1Cl)Cl,193989,377.3,3,1,4,0,49.4,6,1,,6436093,,,
CN1CCC2=C(CC1)c1cc(ccc1Sc1ccccc21)C#N,193991,318.4,3,0,3.6,0,52.3,0,1,,6436118,,,
Clc1cccc(c1/N=C1/NCCO/1)Cl,193994,231.08,2,1,2.4,0,33.6,2,1,,6436126,,,
C(c1ccncc1)C1(Cc2ccncc2)c2cccnc2c2ncccc12,195376,350.4,4,0,3.1,0,51.6,4,1,,6436541,,,
Fc1ccc(cc1)C(=O)CCCN1CCN(CC1)C(=O)OC1CCCCC1,198061,376.5,5,0,3.5,0,49.8,7,1,,6436870,,,
CCC12CCN(CC3CCC3)C(Cc3ccc(cc13)O)C2(C)C,198576,313.5,2,1,5.5,0,23.5,3,1,,6437850,,,
O=C1CC[C@@H](N1)C(=O)N1CCCCC1,198695,196.25,2,1,0,0,49.4,1,1,,6443800,,,
Cc1onc(c1)NC(=O)c1c(cccc1C)C,198730,230.26,3,1,2.7,0,55.1,2,1,,6443803,,,
CCC(=O)O[C@](Cc1ccccc1)([C@@H](C)CN(C)C)c1ccccc1,200742,339.5,3,0,4.2,0,29.5,9,1,,6445008,,,
CO[C@H]1C[C@@H](O[C@@H](C)[C@@H]1OC(C)=O)O[C@H]1[C@H](C)[C@@H](O[C@@H]2O[C@H](C)C[C@@H]([C@H]2OC(C)=O)N(C)C)[C@@H](C)C[C@@]2(CO2)C(=O)[C@H](C)[C@@H](OC(C)=O)[C@@H](C)[C@@H](C)OC(=O)[C@@H]1C TROLEANDOMYCIN,202225,814,16,0,4.3,0,184,12,0,,6445017,,,
Cc1ccc(c(c1)N1CCNCC1)Cc1ccccc1,205972,266.4,2,1,3.7,0,15.3,3,1,,6480064,,,
CCN(CC)CCNC(=O)c1cc(cc(c1OC)Cl)Cl,208832,319.2,3,1,3.7,0,41.6,7,1,,6540470,,,
CN1CCC(C)(C1)CN1c2ccccc2Sc2ccccc21,208838,310.5,3,0,4.6,0,31.8,2,1,,6541429,,,
NC(=O)CN1C(=O)C(c2ccccc2)c2ccccc12,208851,266.29,2,1,1.6,0,63.4,3,1,,6602321,,,
CC(n1ccnc1C)c1ccccc1,208911,186.25,1,0,2.4,0,17.8,2,1,,6603696,,,
Fc1ccc(cc1)c1[nH]c(cc1)CN1CCN(CC1)c1cccc2ccoc21,208917,375.4,4,1,4.3,0,35.4,4,1,,6603727,,,
Cn1cc(cn1)CCN1CCN(CC1)c1ccccc1Cl,208921,304.82,3,0,2.8,0,24.3,4,1,,6603740,,,
CN(C)CCCN1Cc2ccccc2C(=C)c2ccccc12,208922,292.4,2,0,4,0,6.5,4,1,,6603743,,,
COc1ccccc1N1CCN(CCCOc2cc3c(cc2OC)OC(=O)C(=C3C)C)CC1,208923,452.5,7,0,4.1,0,60.5,8,1,,6603760,,,
CN1CCC2=C(CC1)c1ccccc1N(C)c1ccccc21,208930,290.4,2,0,3.5,0,6.5,0,1,,6603767,,,
CCC1=C(C)n2cc(nc2N=C1OC)c1noc(n1)C,208954,273.29,6,0,2.9,0,78.3,3,1,,6603853,,,
COc1ccc(cc1C(=O)NCC1CCCN1Cc1ccc(cc1)F)S(N)(=O)=O,216225,421.5,7,2,1.8,0,110,7,1,,6603903,,,
OC(COC1(CCCCC1)C#C)CN1CCN(CC1)c1ccc(cc1)F,216227,360.5,5,1,2.9,0,35.9,7,1,,6603938,,,
COc1ccc(cc1)Cn1c(c(c2cc(ccc12)O)CCN)C,216254,310.4,3,2,2.9,0,60.4,5,1,,6603951,,,
CCC(=O)O[C@H]1[C@@H](C)[C@@H](C)OC(=O)C(C)[C@@H](O[C@H]2C[C@H](OC)[C@@H](OC(=O)CC)[C@H](C)O2)[C@H](C)[C@@H](O[C@@H]2O[C@H](C)C[C@@H]([C@H]2O)N(C)C)C(C)C[C@@]2(CO2)C(=O)[C@@H]1C DIPROLEANDOMYCIN,216261,800,15,1,4.7,0,178,12,0,,6603993,,,
CNCC[C@@H](O)[C@@H]1C[C@@H](CN1)SC1=C(N2[C@H]([C@H]1C)[C@@H]([C@@H](C)O)C2=O)C(O)=O LENAPENEM,216262,399.5,8,5,-2.5,0,147,8,0,,6603996,,,
CC(C)C(=O)OCc1cccc(c1)OC(=O)[C@@H]1N2[C@H](SC1(C)C)[C@H](NC(=O)Cc1ccccc1)C2=O TOBICILLIN,216265,510.6,7,1,4.4,0,127,10,0,,6604009,,,
CNC(C)C(=O)c1ccc(cc1)OC METHOXYPHEDRINE,216281,193.24,3,1,1.6,0,38.3,4,0,,6604019,,,
CCC(Br)(C(C)C)C(N)=O,216287,208.1,1,1,2,0,43.1,3,1,,6604024,,,
O=C(c1ccccn1)c1cnn2c1N=CC=C2c1ccncc1,216456,301.3,5,0,1.5,0,73,3,1,,6604035,,,
CN(C)CCCN1c2ccsc2C=Cc2ccccc12,216992,284.4,3,0,4.2,0,34.7,4,1,,6604158,,,
OCCOC1CCN(CCCN2c3ccccc3Sc3ccc(cc23)C(F)(F)F)CC1,218089,452.5,8,1,4.9,0,61.2,7,1,,6604160,,,
OCCN1CCN(CCCN2c3ccsc3Sc3ccc(cc32)C(F)(F)F)CC1,219071,443.6,9,1,4.2,0,83.5,6,1,,6604216,,,
OCCN1CCN(CC1)CCC(=O)N1c2ccccc2Sc2ccc(cc12)C(F)(F)F,219081,451.5,8,1,3,0,72.3,5,1,,6604304,,,
OC1(CCN(CCCN2c3ccccc3Sc3ccc(cc23)Cl)CC1)C1CCOC1=O,219083,459,6,1,4.7,0,78.3,5,1,,6604305,,,
COCc1c(ncc2[nH]c3cccc(c3c12)Oc1ccc(cc1)Cl)C(=O)OC(C)C,219095,424.9,5,1,5.1,0,73.4,7,1,,6604347,,,
CCC12CCN(CC3CC3)C(Cc3ccc(cc31)O)C2(C)C,219096,299.4,2,1,4.9,0,23.5,3,1,,6604356,,,
CCCCCC(N)C(O)(c1ccccc1)c1ccccc1,219120,283.4,2,2,4,0,46.2,7,1,,6604395,,,
C[C@@]12CCC(=O)C=C2CC[C@H]2[C@@H]3CC[C@](O)(C(=O)CO)[C@@]3(C)CC(=O)[C@@H]21,222786,360.4,5,2,1.5,0,91.7,2,1,,6604410,,,
C[C@@]12CCC(=O)C=C2CC[C@H]2[C@@H]3CC[C@](O)(C(=O)COC(=O)CCC4CCCC4)[C@@]3(C)C[C@H](O)[C@@H]21,223253,486.6,6,2,4.7,0,101,7,1,,6604496,,,
CC(=O)OCC(=O)[C@@]1(O)CC[C@H]2[C@@H]3CCC4=CC(=O)C=C[C@]4(C)[C@@]3(F)[C@@H](O)C[C@@]21C,224246,420.5,7,2,1.5,0,101,4,1,,6604653,,,
CO[C@@]12[C@@H](COC(N)=O)C3=C(N2C[C@H]2N[C@H]21)C(=O)C(=C(N)C3=O)C,231224,334.33,8,3,-0.4,0,147,4,0,,6604719,,,
CCC(C)C(CC)C(=O)NC(N)=O,231285,186.25,2,2,2,0,72.2,4,1,,6604724,,,
CC1(O[C@@H]2C[C@H]3[C@@H]4CCC5=CC(=O)C=C[C@]5(C)[C@@]4(F)[C@@H](O)C[C@]3(C)[C@@]2(O1)C(=O)CO)c1ccccc1,235856,496.6,7,2,3.6,0,93.1,3,1,,6604902,,,
Oc1ccc(cc1)NC(=O)C(Cl)(Cl)Cl,242364,254.5,2,2,2.4,0,49.3,1,1,,6857980,,,
C[C@H]1C[C@H]2[C@@H]3CC[C@H](C(C)=O)[C@@]3(C)C[C@H](O)[C@@H]2[C@@]2(C)CCC(=O)C=C12,247839,344.5,3,1,2.7,0,54.4,1,1,,6857985,,,
CC(=O)[C@@]1(O)[C@H](O)C[C@H]2[C@@H]3CCC4=CC(=O)C=C[C@]4(C)[C@@]3(F)[C@@H](O)C[C@@]21C,250822,378.4,6,3,1.3,0,94.8,1,1,,6917740,,,
CCNC(Cc1ccccc1)C1CCCO1,253826,219.32,2,1,2.6,0,21.3,5,1,,6917770,,,
C[C@@H]1C[C@H]2[C@@H]3CCC4=CC(=O)C=C[C@]4(C)[C@@]3(Cl)[C@@H](Cl)C[C@]2(C)[C@@]1(O)C(=O)CO,260706,427.4,4,2,3.5,0,74.6,2,1,,6918883,,,
CC(Oc1ccccc1)C(=O)N[C@H]1[C@H]2SC(C)(C)[C@@H](N2C1=O)C(O)=O PHENETICILLIN,272833,364.4,6,2,2.2,0,121,5,0,,6918919,,,
COc1ccc2c(c1OC)C(=O)O[C@@H]2[C@@H]1N(C)CCc2cc3c(c(c21)OC)OCO3,275196,413.4,8,0,2.7,0,75.7,4,1,,6921553,,,
CCN(CC)C(=O)COc1cc2c(c3c(c(c4c(c13)C(=O)C(C)(OC=CC(OC)C(C)C(OC(C)=O)C(C)C(O)C(C)C(O)C(C)C=CC=C(C)C(=O)N2)O4)C)O)O RIFAMIDE,280886,810.9,13,5,5.5,0,211,8,0,,6931560,,,
CN(C)CCCN1Cc2ccccc2Cc2ccccc12,299322,280.4,2,0,3.9,0,6.5,4,1,,6971179,,,
CC(C)[C@H](NC(=O)N(C)Cc1csc(n1)C(C)C)C(=O)N[C@H](C[C@H](O)[C@H](Cc1ccccc1)NC(=O)OCc1scnc1)Cc1ccccc1,392622,720.9,9,4,6,0,202,18,0,,6999805,,,
CN(C)CCC1(C)OCCC2=C1Cc1ccccc21,431429,257.37,2,0,2.1,0,12.5,3,1,,7000182,,,
CC(C)N1CCOC(C1)c1cccc(c1)C(F)(F)F,432824,273.29,5,0,3.2,0,12.5,2,1,,7047380,,,
N[C@@H](Cc1c[nH]c2ccc(cc12)O)C(O)=O,439280,220.22,4,4,-1.2,0,99.3,3,1,,7048810,,,
NC[C@H]1O[C@H](O[C@@H]2[C@@H](N)C[C@@H](N)[C@H](O[C@H]3O[C@H](CO)[C@@H](O)[C@H](N)[C@H]3O)[C@H]2O)[C@H](N)[C@@H](O)[C@@H]1O BEKANAMYCIN,439318,483.5,15,11,-7.2,0,288,6,0,,7059438,,,
CN[C@H]1[C@H](O)[C@@H](O)[C@H](CO)O[C@H]1O[C@H]1[C@@H](O[C@@H](C)[C@]1(O)CO)O[C@H]1[C@H](O)[C@@H](O)[C@H](N/C(/N)=N)[C@@H](O)[C@@H]1N/C(/N)=N DIHYDROSTREPTOMYCIN,439369,583.6,15,13,-8.2,0,340,9,0,,7059516,,,
OC[C@H]1O[C@@H](Oc2ccccc2CO)[C@H](O)[C@@H](O)[C@@H]1O,439503,286.28,7,5,-1.2,0,120,4,1,,7059581,,,
C[C@@]12CCC(=O)C=C2CC[C@@H]2[C@@H]1CC[C@@]1(C)[C@H]2CC[C@]1(O)C(=O)CO,440707,346.5,4,2,2.5,0,74.6,2,1,,7098670,,,
COc1ccc2nccc(c2c1)[C@H](O)[C@H]1C[C@@H]2CCN1C[C@@H]2C=C,441074,324.4,4,1,2.9,0,45.6,4,0,,7536516,,,
CO[C@]1(NC(=O)Cc2sccc2)[C@H]2SCC(=C(N2C1=O)C(O)=O)COC(N)=O CEFOXITIN,441199,427.5,9,3,0,0,202,8,0,,9548764,,,
CC(C)(C)NC(=O)[C@@H]1C[C@@H]2CCCC[C@@H]2CN1C[C@@H](O)[C@H](Cc1ccccc1)NC(=O)[C@H](CC(N)=O)NC(=O)c1ccc2ccccc2n1,441243,670.8,7,5,4.2,0,167,13,0,,9587943,,,
CC(=O)O[C@H]1C(=O)[C@]2(C)[C@@H](O)C[C@H]3OC[C@@]3(OC(C)=O)C2[C@H](OC(=O)c2ccccc2)[C@]2(O)C[C@H](OC(=O)[C@H](O)[C@@H](NC(=O)c3ccccc3)c3ccccc3)C(=C1C2(C)C)C,441276,853.9,14,4,2.5,0,221,14,0,,9795264,,,
C[C@H]1[C@H]2Cc3ccc(cc3[C@]1(C)CCN2CC=C(C)C)O,441278,285.4,2,1,3.3,0,23.5,2,1,,9796408,,,
CCN[C@@H]1C[C@H](N)[C@@H](O[C@H]2OC(=CC[C@H]2N)CN)[C@H](O)[C@H]1O[C@H]1OC[C@](C)(O)[C@H](NC)[C@H]1O NETILMICIN,441306,475.6,12,8,-4.2,0,200,8,0,,9797214,,,
C[C@@H]1C[C@H]2[C@@H]3CCC4=CC(=O)C=C[C@]4(C)[C@@]3(Cl)[C@@H](O)C[C@]2(C)[C@@]1(O)C(=O)CCl,441335,427.4,4,2,2.7,0,74.6,2,1,,9821217,,,
CC(C)CC(=O)O[C@@H]1OC=C(COC(C)=O)C2=C[C@H](OC(=O)CC(C)C)[C@]3(CO3)[C@@H]12,442436,422.5,8,0,1.8,0,101,11,1,,9821511,,,
CC(C)[C@H]1OC(=O)C2=CCCN2C(=O)c2coc(n2)CC(=O)C[C@H](O)C=C(C)C=CCNC(=O)C=C[C@H]1C VIRGINIAMYCIN-FACTOR-M1,443111,525.6,8,2,2.5,0,139,1,0,,9823781,,,
CC1OC(=O)C(NC(=O)C2CC(=O)CCN2C(=O)C(Cc2ccc(cc2)N(C)C)N(C)C(=O)C2CCCN2C(=O)C(C)NC(=O)C1NC(=O)c1ncccc1O)c1ccccc1,443310,852.9,12,4,2.3,0,228,6,0,,9846078,,,
CC1(C)N[C@@H](C(=O)N1[C@H]1[C@H]2SC(C)(C)[C@@H](N2C1=O)C(O)=O)c1ccccc1 HETACILLIN,443387,389.5,6,2,-0.6,0,115,3,0,,9864646,,,
C[C@@H]1O[C@H](C[C@H](N)[C@@H]1O)O[C@H]1C[C@@](O)(Cc2c(c3c(c(c21)O)C(=O)c1c(cccc1C3=O)O)O)C(C)=O CARUBICIN,443831,513.5,11,6,1.5,0,197,3,0,,9865223,,,
CCC(=O)O[C@@]1([C@@H](C)C[C@H]2[C@@H]3CCC4=CC(=O)C=C[C@]4(C)[C@@]3(F)[C@@H](O)C[C@@]21C)C(=O)COC,443880,462.5,7,1,3.1,0,89.9,6,1,,9883333,,,
CCC(=O)O[C@@H]1CC(=O)O[C@H](C)CC=CC=C[C@H](O)[C@H](C)C[C@H](CC=O)[C@H](O[C@@H]2O[C@H](C)[C@@H](O[C@H]3C[C@@](C)(O)[C@@H](OC(=O)CC)[C@H](C)O3)[C@@H]([C@H]2O)N(C)C)[C@H]1OC MIDECAMYCIN,443948,814,16,3,2.6,0,206,14,0,,9891270,,,
CCN(CC)C(=O)N[C@H]1C[C@H]2[C@@H](Cc3c[nH]c4cccc2c34)N(C)C1,443951,340.5,2,2,2.5,0,51.4,3,1,,9907401,,,
CCOC(=O)CCC(=O)O[C@@H]1[C@H](C[C@@H](C)O[C@H]1O[C@@H]1[C@@H](C)[C@H](O[C@H]2C[C@@](C)(OC)[C@@H](O)[C@H](C)O2)[C@@H](C)C(=O)O[C@H](CC)[C@@](C)(O)[C@H](O)[C@@H](C)C(=O)[C@H](C)C[C@@]1(C)O)N(C)C ERYTHROMYCIN-ETHYLSUCCINATE,443953,862.1,17,4,3.4,0,226,14,0,,9912474,,,
CC(=O)OCC(=O)[C@]12OC3(CCCC3)O[C@@H]2C[C@H]2[C@@H]3CCC4=CC(=O)C=C[C@]4(C)[C@@]3(F)[C@@H](O)C[C@@]21C,443958,502.6,8,1,3.6,0,99.1,4,1,,9916104,,,
C[C@H]1C[C@H]2[C@@H]3CCC4=CC(=O)C=C[C@]4(C)[C@@]3(F)[C@@H](O)C[C@]2(C)[C@@]1(O)C(=O)COC(C)=O,443967,434.5,7,2,2.8,0,101,4,1,,9929728,,,
CC1(C)S[C@@H]2[C@H](NC(=O)[C@H](N)c3ccccc3)C(=O)N2[C@H]1C(=O)OCOC(=O)[C@@H]1N2[C@@H](CC2=O)S(=O)(=O)C1(C)C SULTAMICILLIN,444022,594.7,11,2,0.7,0,216,9,0,,9952220,,,
CCOC(=O)O[C@@]1(CC[C@H]2[C@@H]3CCC4=CC(=O)C=C[C@]4(C)[C@H]3[C@@H](O)C[C@@]21C)C(=O)OCCl,444025,466.9,7,1,3.9,0,99.1,7,1,,9971484,,,
CCC(=O)O[C@@]1([C@H](C)C[C@H]2[C@@H]3C[C@H](F)C4=CC(=O)C=C[C@]4(C)[C@@]3(F)[C@@H](O)C[C@@]21C)C(=O)SCF,444036,500.6,9,1,4,0,106,6,1,,10001941,,,
CC(C)n1c2ccccc2c(c1/C=C/[C@@H](O)C[C@@H](O)CC(O)=O)c1ccc(cc1)F,446155,411.5,5,3,3.5,0,82.7,8,1,,10011896,,,
COCc1c(nc(c(c1c1ccc(cc1)F)/C=C/[C@@H](O)C[C@@H](O)CC(O)=O)C(C)C)C(C)C,446156,459.5,7,3,3.6,0,99.9,11,1,,10019237,,,
C[C@@H]1O[C@@H]1P(O)(O)=O,446987,138.06,4,2,-1.4,0,70.1,1,1,,10026342,,,
CC[C@H]1OC(=O)[C@H](C)[C@@H](O[C@H]2C[C@@](C)(OC)[C@@H](O)[C@H](C)O2)[C@H](C)[C@@H](O[C@@H]2O[C@H](C)C[C@@H]([C@H]2O)N(C)C)[C@](C)(O)C[C@@H](C)CN(C)[C@H](C)[C@@H](O)[C@]1(C)O AZITHROMYCIN,447043,749,14,5,4,0,180,7,0,,10073453,,,
CC[C@@]1(O)C[C@H](O[C@H]2C[C@@H]([C@H](O[C@H]3C[C@H](O)[C@H](O[C@H]4CCC(=O)[C@H](C)O4)[C@H](C)O3)[C@H](C)O2)N(C)C)c2c(c3c(cc2[C@H]1C(=O)OC)C(=O)c1cccc(c1C3=O)O)O ACLARUBICIN,451415,811.9,16,4,3.8,0,217,10,0,,10091748,,,
COc1cc(cc(c1O)OC)[C@H]1[C@@H]2[C@H](COC2=O)[C@H](O[C@@H]2O[C@@H]3CO[C@H](O[C@H]3[C@H](O)[C@H]2O)c2sccc2)c2cc3c(cc12)OCO3,452548,656.7,14,3,1.2,0,189,6,0,,10219440,,,
Cn1nnnc1SCC1=C(N2[C@H](SC1)[C@H](NC(=O)[C@H](O)c1ccccc1)C2=O)C(O)=O CEFAMANDOLE,456255,462.5,10,3,-0.9,0,201,7,0,,10220393,,,
CCN(CC)c1sc2c3c(c4c(c(c5c(c4c2n1)C(=O)[C@@](C)(OC=C[C@H](OC)[C@@H](C)[C@@H](OC(C)=O)[C@H](C)[C@H](O)[C@H](C)[C@@H](O)[C@@H](C)C=CC=C(C)C(=O)N3)O5)C)O)O RIFAMEXIL,456291,810,14,5,7.5,0,225,6,0,,10245368,,,
CC(C)[C@H]1NC(=O)[C@@H](NC(=O)c2ccc(c3c2N=C2C(=C(C)C(=O)C(=C2C(=O)N[C@H]2[C@@H](C)OC(=O)[C@H](C(C)C)N(C)C(=O)CN(C)C(=O)[C@@H]4CCCN4C(=O)[C@H](NC2=O)C(C)C)N)O3)C)[C@@H](C)OC(=O)[C@H](C(C)C)N(C)C(=O)CN(C)C(=O)[C@@H]2CCCN2C1=O,457193,1255.4,18,5,3.8,0,356,8,0,,10272852,,,
NC[C@@H]1CC[C@@H](N)[C@H](O1)O[C@@H]1[C@@H](N)C[C@@H](N)[C@H](O[C@H]2O[C@H](CO)[C@@H](O)[C@H](N)[C@H]2O)[C@H]1O DIBEKACIN,470999,451.5,13,9,-5.8,0,248,6,0,,10330791,,,
C[C@@H]1O[C@H](C[C@H](N)[C@@H]1O)O[C@H]1C[C@@](O)(Cc2c(c3c(c(c21)O)C(=O)c1ccccc1C3=O)O)C(=O)CO MEDORUBICIN,498156,513.5,11,6,1.3,0,197,4,0,,10352163,,,
CC(C)(C)CC1(CC=C)C(=O)NC(=O)NC1=O,521716,238.28,3,2,2.1,0,75.3,4,1,,10358184,,,
CC(C)CC(=O)OC1C=C2C(C(OC=C2COC(C)=O)OC(=O)CC(C)(C)OC(C)=O)C21CO2,537263,480.5,10,0,0.9,0,127,13,1,,10377120,,,
CC(=O)OC(C1CCCCN1)c1ccccc1,558526,233.31,3,1,2.1,0,38.3,4,1,,10379764,,,
CC(=O)OC1C=CC2C3Cc4ccc(c5c4C2(CCN3CC=C)C1O5)OC(C)=O,631837,395.4,6,0,2.5,0,65.1,6,1,,10382322,,,
CCC(=O)OCC(=O)[C@@]1(OC(=O)CC)[C@H](C)C[C@H]2[C@@H]3[C@H](Cl)CC4=CC(=O)C=C[C@]4(C)[C@H]3[C@@H](O)C[C@@]21C,636374,521,7,1,3.2,0,107,8,1,,10384745,,,
COc1cccc2c1C(=O)c1c(c3c(c(c1C2=O)O)C[C@](O)(C[C@@H]3O[C@H]1C[C@H](N)[C@H](O[C@H]2CCCCO2)[C@H](C)O1)C(=O)CO)O PIRARUBICIN,636397,627.6,13,5,2.7,0,204,7,0,,10388384,,,
Cn1nnnc1SCC1=C(N2[C@H](SC1)[C@H](NC(=O)[C@H](NC(=O)c1cnc(cc1O)C)c1ccc(cc1)O)C2=O)C(O)=O CEFPIRAMIDE,636405,612.6,13,5,-0.1,0,259,9,0,,10444765,,,
O=C(/C=C/c1ccc2c(c1)OCO2)N1CCCCC1,641115,259.3,3,0,2.8,0,38.8,2,1,,10451635,,,
CCC(=O)C(C[C@H](C)N(C)C)(c1ccccc1)c1ccccc1,643985,309.4,2,0,3.9,0,20.3,7,1,,10452119,,,
CO[C@]12CC[C@@]3(C[C@@H]1[C@](C)(O)C(C)(C)C)[C@H]1Cc4ccc(c5c4[C@@]3(CCN1CC1CC1)[C@H]2O5)O,644073,467.6,5,2,5,0,62.2,5,1,,10454013,,,
CC1(C)S[C@@H]2[C@H](NC(=O)[C@H](NC(=O)N3CCN(C3=O)S(C)(=O)=O)c3ccccc3)C(=O)N2[C@H]1C(O)=O MEZLOCILLIN,656511,539.6,9,3,-0.2,0,207,6,0,,10470115,,,
NC(=O)c1cc[n+](cc1)CC1=C(N2[C@H](SC1)[C@H](NC(=O)[C@@H](c1ccccc1)S(O)(=O)=O)C2=O)C([O-])=O CEFSULODIN,656575,532.6,9,3,0.2,0,225,7,0,,10488627,,,
C[C@@]12C[C@H](O)[C@H]3[C@@H](CCC4=CC(=O)C=C[C@]34C)[C@@H]2CC[C@]1(O)C(=O)COC(=O)CCC(O)=O,656804,460.5,8,3,1.8,0,138,7,1,,10498206,,,
CN(C)CC\C=C1\c2ccccc2Sc2ccc(cc\12)Cl,667467,315.9,2,0,5.2,0,28.5,3,1,,10657292,,,
CN(C)CC\C=C1\c2ccccc2COc2ccccc\12,667468,279.4,2,0,4.3,0,12.5,3,1,,10695575,,,
CNC(=O)Oc1ccc2c(c1)[C@@]1(C)CCN(C)[C@H]1N2C,667498,275.35,4,1,0.7,0,44.8,2,1,,10761962,,,
CCNC(=O)/C=C/c1cccc(c1)Br,688145,254.12,1,1,2.7,0,29.1,3,1,,10884606,,,
CN1[C@@H](CCC1=O)c1cccnc1,854019,176.21,2,0,-0.3,0,33.2,1,1,,10966793,,,
CN1CCN(CC\C=C2\c3ccccc3Sc3ccc(cc\23)S(=O)(=O)N(C)C)CC1,941651,443.6,6,0,3.8,0,77.5,5,1,,11003252,,,
CN1CCN(CC1)CCC(=O)N1c2ccccc2Sc2ccc(cc12)C(F)(F)F,969494,421.5,7,0,3.7,0,52.1,3,1,,11110698,,,
CN1[C@H]2CC[C@@H]1CC(C2)OC(c1ccccc1)c1ccccc1,1201549,307.4,2,0,4.5,0,12.5,4,1,,11252569,,,
OCC(O)[C@H]1O[C@@H]2O[C@@H](O[C@@H]2[C@H]1O)C(Cl)(Cl)Cl,2723807,309.5,6,3,1,0,88.4,2,1,,11311148,,,
CC/C(/c1ccccc1)=C(\c1ccccc1)/c1ccc(cc1)OCCN(C)C,2733526,371.5,2,0,7.1,0,12.5,8,0,,11472927,,,
C[N+]1([O-])[C@H]2CC[C@@H]1CC(C2)OC(=O)C(CO)c1ccccc1,3000668,305.4,4,1,1.3,0,64.6,5,1,,11608975,,,
C[C@@H]1[C@H](O)CC[C@@]2(C)[C@H]1CC[C@@]1(C)C2[C@H](O)C[C@H]2\C(\[C@H](C[C@@]21C)OC(C)=O)=C(\CCC=C(C)C)/C(O)=O FUSIDIC-ACID,3001077,516.7,6,3,5.5,0,104,6,0,,11634155,,,
CO[C@H]1C[C@@H](O[C@@H](C)[C@@H]1O)O[C@H]1[C@H](C)O[C@H](C[C@@H]1OC)O[C@H]1[C@@H](C)C=CC=C2CO[C@@H]3[C@H](O)C(=C[C@@H](C(=O)O[C@H]4C[C@@H](CC=C1C)O[C@@]1(CC[C@H](C)[C@H](O1)C(C)C)C4)[C@@]32O)C,3001671,861.1,14,3,3.8,0,170,7,0,,11704779,,,
Cc1ncc(c(n1)N)CN(C=O)/C(/C)=C(\CCO)/SSCC1CCCO1,3002119,398.5,8,2,0.6,0,152,9,1,,11777724,,,
COc1ccc(cc1C(=O)NCC1CCCN1C)S(N)(=O)=O,3018598,327.4,6,2,0.2,0,110,5,1,,11846746,,,
CCOc1ccccc1OC(C1CNCCO1)c1ccccc1,3022645,313.4,4,1,3,0,39.7,6,1,,12016891,,,
CCCC(C)C1(CC=C)C(=O)NC(=NC1=O)S,3032285,254.35,3,2,3.2,0,90.3,5,1,,12049214,,,
C=CCC1(C2CCCC=C2)C(=O)NC(=S)NC1=O,3032306,264.35,3,2,2.4,0,90.3,3,1,,12179890,,,
CCCC(C)C1(CCSC)C(=O)NC(=NC1=O)S,3032307,288.4,4,2,3,0,116,6,1,,12226598,,,
CC(C)CC1NC(=S)N(CC=C)C1=O,3032361,212.31,2,1,2.1,0,64.4,4,1,,12296938,,,
Cc1ncc(c(n1)N)CN(C=O)\C(\C)=C(\CCOP(O)(O)=O)/SC(=O)c1ccccc1,3032771,466.4,10,3,0.5,0,181,10,1,,12296941,,,
Fc1ccc(cc1)C(=O)CCCN1CCC(CC1)N1C(=S)Nc2ccccc12,3033151,397.5,4,1,4.3,0,67.7,6,1,,12309469,,,
OC1N=C(c2ccccc2F)c2cc(ccc2N(CCC#N)C1=O)Cl,3033621,357.8,5,1,2,0,76.7,3,1,,12309608,,,
CC(C)N1C(=O)c2n(cnc2c2noc(n2)C2CC2)c2ccccc12,3033821,335.4,5,0,2.4,0,77,3,1,,12309789,,,
CN1CCN(CC1)\C=C1/N=C2CN=C(c3ccccc3Cl)c3cc(ccc3N2C/1=O)[N+]([O-])=O,3033860,464.9,7,0,2.9,0,97.3,2,1,,12314141,,,
S=C1NCCC(COc2ccccc2)O1,3033964,223.29,3,1,2.4,0,62.6,3,1,,12319532,,,
CCOC(=O)OCC/C(/SC(=O)OCC)=C(\C)/N(Cc1cnc(nc1N)C)C=O,3033983,426.5,10,1,2.1,0,159,13,1,,12325869,,,
CC(=O)OCC/C(/SC(C)=O)=C(\C)/N(Cc1cnc(nc1N)C)C=O,3033984,366.4,8,1,0.5,0,141,9,1,,12406830,,,
C[C@@H]1N=C(c2ccccc2Cl)c2cc(ccc2NC1=O)[N+]([O-])=O,3033985,329.74,4,1,2.7,0,87.3,1,1,,12406842,,,
Clc1ccc(c(c1)Cl)/C(/Cl)=C/n1cncn1,3034012,274.5,2,0,3.8,0,30.7,2,1,,12406843,,,
CC1(C)S[C@@H]2[C@H](NC(=O)[C@H](NS(O)(=O)=O)c3ccccc3)C(=O)N2[C@H]1C(O)=O SUNCILLIN,3034014,429.5,9,4,0.5,0,187,6,0,,12444300,,,
Cc1ncc(c(n1)N)CN(C=O)/C(/C)=C(\CCOC(=O)c1ccccc1)/SS/C(/CCOC(=O)c1ccccc1)=C(\C)/N(Cc1cnc(nc1N)C)C=O,3034022,770.9,14,2,4,0,247,19,1,,12444480,,,
COc1ccc2nccc(c2c1)[C@@H](O)[C@@H]1C[C@@H]2CCN1C[C@@H]2C=C,3034034,324.4,4,1,2.9,0,45.6,4,1,,12446306,,,
CC(=O)[C@@]1(N)C[C@H](O[C@H]2C[C@H](O)[C@H](O)CO2)c2c(c3c(c(c2C1)O)C(=O)c1ccccc1C3=O)O AMRUBICIN,3035016,483.5,10,5,0.9,0,177,3,0,,12494781,,,
Cc1ncc(c(n1)N)CN(C=O)\C(\C)=C(\CCOC(=O)c1ccccc1)/SC(=O)c1ccccc1,3036235,490.6,8,1,3.8,0,141,11,1,,12718749,,,
Fc1ccc(cc1)C(=O)CCCN1CC2CCC(CC2)C1,3037070,289.4,3,0,3.5,0,20.3,5,1,,12765746,,,
CC(=O)OCC(=O)OCC/C(/SC(=O)c1occc1)=C(/C)\N(Cc1cnc(nc1N)C)C=O,3037171,476.5,11,1,1.5,0,180,13,1,,12773795,,,
CN1CC[C@]23CCCC[C@@H]3[C@@H]1Cc1ccc(cc21)C,3037918,255.4,1,0,3.8,0,3.2,0,1,,12780299,,,
CC1(C)S[C@@H]2[C@H](NC(=O)C(C)(C)Oc3ccccc3)C(=O)N2[C@H]1C(O)=O ISOPROPICILLIN,3038477,378.4,6,2,2.8,0,121,5,0,,12831243,,,
COc1ccc2nccc(c2c1)CCC[C@@H]1CCNC[C@H]1C=C,3038482,310.4,3,1,4.4,0,34.2,6,1,,12876779,,,
CN1CC[C@]2(C)C[C@H](C1)Cc1ccc(cc12)O,3042090,231.33,2,1,3,0,23.5,0,1,,12889418,,,
OCCN1CCCN(CCCN2c3ccccc3C=Cc3ccccc23)CC1,3042817,377.5,4,1,4,0,30,6,1,,12895761,,,
CC(N)Cc1ccc(cc1C)N(C)C,3043606,192.3,2,1,2.2,0,29.3,3,1,,13080266,,,
CCO[C@H]1CCN(C1)C(=O)C1=C2N(CCc3ccc(cc23)Cl)C(=O)C(=C1)c1ccccc1,3045375,448.9,3,0,3.9,0,49.8,4,1,,13110208,,,
CN1C[C@@H]2Cc3ccc(cc3[C@H]([C@@H]2C1)c1ccccc1)Cl,3045392,297.8,1,0,4.6,0,3.2,1,1,,13110870,,,
CN1C(CNC(=O)c2cocc2)CN=C(c2ccccc2)c2ccc(cc12)F,3045400,377.4,5,1,3,0,57.8,4,1,,13247566,,,
CC(CN(C)C)OC(C)(c1ccccc1)c1ccc(cc1)Cl MECLOXAMINE,3045406,317.9,2,0,4.6,0,12.5,6,0,,13273022,,,
CNCCCN1Cc2ccccc2Cc2ccccc12,3047746,266.4,2,1,3.5,0,15.3,4,1,,13303885,,,
N\C(=N/O)\C1=NNc2ccccc2N(Cc2ccccc2)C1=O,3047751,309.32,3,4,3.3,0,110,3,1,,13367230,,,
CCCCCCCCCNc1ncnc2[nH]ccc12,3047795,260.38,3,2,4.9,0,53.6,9,1,,13497179,,,
COc1ccc(cc1)N1C[C@H](CN2CCC(O)(CC2)c2ccc3c(c2)OCO3)OC1=O,3047810,426.5,7,1,2.5,0,80.7,5,1,,13497181,,,
NC(=O)CN1C(=O)COc2ccccc12,3047812,206.2,3,1,0,0,72.6,2,1,,13646638,,,
CC(OC(N)=O)C(C)C(C)OC(N)=O,3047822,204.22,4,2,0.5,0,105,6,1,,13676001,,,
C1CN(CCN1)c1cc2ccccc2c(n1)c1ccccc1,3047830,289.4,3,1,3.6,0,28.2,2,1,,13720676,,,
CC1(C)S[C@@H]2[C@H](NC(=O)[C@H](NC(=O)Nc3cnc(nc3O)Nc3ccc(cc3)S(N)(=O)=O)c3ccc(cc3)O)C(=O)N2[C@H]1C(O)=O PIROXICILLIN,3047855,672.7,12,8,-0.6,0,295,9,0,,13753599,,,
COc1ccc2nccc(c2c1)CCC[C@@H]1CCNC[C@@H]1C=C,3050111,310.4,3,1,4.4,0,34.2,6,1,,13755681,,,
O=C1NC(=O)C(CC2CCCCN2)(C(=O)N1)c1ccccc1,3050417,301.34,4,3,1.4,0,87.3,3,1,,14022480,,,
COc1ccc(cc1C(=O)NCCN1CCC(CC1)C(=O)c1ccc(cc1)F)C#N,3050428,409.5,6,1,2.9,0,82.4,7,1,,14022481,,,
CCC(OC(N)=O)C1CCCCC1,3050432,185.26,2,1,2.9,0,52.3,4,1,,14022483,,,
OCC(O)CN1C(=O)CN=C(c2ccccc2F)c2cc(ccc21)Cl,3050433,362.8,5,2,1.5,0,73.1,4,1,,14022484,,,
C#CCN[C@@H]1CCc2ccccc12,3052776,171.24,1,1,1.8,0,12,2,1,,14022486,,,
Clc1ccc2c(c1)C(=NCCN2C1=NC(=O)CO1)c1ccccc1Cl,3052777,374.2,3,0,3.7,0,54.3,2,1,,14022491,,,
C[C@H]1[C@@H]2N(CC[C@@]1(C)c1cc(ccc1C2=O)O)CC1CC1,3054741,285.4,3,1,3.5,0,40.5,2,1,,14022497,,,
NC(=O)c1ccc(c2c1C[C@H](CO2)N(C1CCC1)C1CCC1)F,3055171,318.4,4,1,2.8,0,55.6,4,1,,14022499,,,
CCC[C@@H]1O[C@@H]2C[C@H]3[C@@H]4C[C@H](F)C5=CC(=O)CC[C@]5(C)[C@@]4(F)[C@@H](O)C[C@]3(C)[C@@]2(O1)C(=O)CO,3055174,468.5,8,2,3,0,93.1,4,1,,14022509,,,
CC1(C)S[C@@H]2[C@H](NC(=O)[C@H](NC(=O)Cc3ccc(cc3)C3=NCCCN3)c3ccccc3)C(=O)N2[C@H]1C(O)=O ROTAMICILLIN,3058737,549.6,7,4,1.8,0,166,8,0,,14022511,,,
CCCC(=O)N(C)Cc1n2c(nc1c1ccc(cc1)Cl)C=CC=C2,3058746,341.8,2,0,4.2,0,37.6,5,1,,14022522,,,
NCC[C@H](Oc1ccc(cc1)C(F)(F)F)c1ccccc1,3058751,295.3,5,1,3.5,0,35.2,5,1,,14305186,,,
CN1CCN(CC1)c1ccccc1Cc1ccccc1,3058753,266.4,2,0,3.8,0,6.5,3,1,,14305207,,,
Nc1cc(ccc1N1CCS\C\1=N)Cl,3063289,227.71,3,2,2,0,78.4,1,1,,14536538,,,
COc1ccc(cc1OC)CCN1CCN(CC1)c1ccccc1Cl,3064105,360.9,4,0,4.4,0,24.9,6,1,,14575845,,,
OC(N1CNC(C1=O)(c1ccccc1)c1ccccc1)C(Cl)(Cl)Cl,3083540,385.7,3,2,4.3,0,52.6,3,1,,14590445,,,
CCCC(CC)C1(CC)C(=O)NC(=S)NC1=O,3083570,256.37,3,2,3.4,0,90.3,5,1,,14726011,,,
CC(C)CCNCC1COc2ccccc2O1,3083868,235.32,3,1,3,0,30.5,5,1,,15645963,,,
CCC1(O)CCN2CCc3ccc(cc3C2C1)C,3083943,245.36,2,1,2.8,0,23.5,1,1,,15697370,,,
CN[C@@H]1[C@H](O)[C@H](OC[C@]1(C)O)O[C@H]1[C@H](N)C[C@H](N)[C@@H](O[C@H]2O[C@H](CN)CC[C@H]2N)[C@H]1O GENTAMICIN,3084091,449.5,12,8,-5,0,214,6,0,,16394569,,,
CCC(C)(O)C1CC23C=CC1(OC)C1Oc4c(ccc5c4C13CCN(CC1CC1)C2C5)OC,3084250,451.6,5,1,3.8,0,51.2,6,1,,16757645,,,
CO[C@@]12C=C[C@@]3(CC1C(C)(C)O)[C@H]1Cc4ccc(c5c4[C@@]3(CCN1CC1CC1)[C@H]2O5)O,3084252,423.5,5,2,3,0,62.2,4,1,,16757648,,,
Cc1[nH]nc(c1)CCN1CCN(CC1)c1cccc(c1)C,3084338,284.4,3,1,2.9,0,35.2,4,1,,17572266,,,
CCNCc1c(c(ncc1CSC)C)O,3085156,226.34,4,2,1.2,0,70.4,5,1,,17756774,,,
CCN1CCCC1CNC(=O)c1cc(ccc1OC)C(C)=O,3085389,304.4,4,1,1.7,0,58.6,6,1,,18645692,,,
CCCC(=O)O[C@@]1(CC[C@H]2[C@@H]3C[C@H](C)C4=CC(=O)CC[C@]4(C)[C@H]3[C@@H](O)C[C@@]21C)C(=O)COC(C)=O,3086167,488.6,7,1,4.1,0,107,8,1,,18646248,,,
Clc1ccc(cc1)[C@@H]1[C@H]2CC[C@@H](C2)C21CCC(=N2)N1CCOCC1,3086308,344.9,2,0,2.9,0,24.8,2,1,,18649191,,,
COC1=Nc2nc(cn2C2=C1CCCC2)c1noc(n1)C,3086516,285.3,6,0,3,0,78.3,2,1,,18717934,,,
Cc1ccc(cc1)C(=O)c1cc(c(c(c1)[N+]([O-])=O)O)O TOLCAPONE,4659569,273.24,5,2,3.3,0,103,2,0,,19427054,,,
CC(C)CC(=O)OCC1=COC(OC(=O)CC(C)C)C2C1CC(OC(C)=O)C12CO1,5218261,424.5,8,0,2.3,0,101,11,1,,20055336,,,
CC1=CC(=O)Oc2cc(ccc12)O,5280567,176.17,3,1,1.9,0,46.5,0,0,,20679021,,,
C\C=C\C1=C(N2[C@H](SC1)[C@H](NC(=O)[C@H](N)c1ccc(cc1)O)C2=O)C(O)=O CEFPROZIL,5281006,389.4,7,4,-1.4,0,158,5,0,,21347909,,,
CCC(O)(/C=C/Cl)C#C,5281077,144.6,1,1,1.5,0,20.2,3,1,,21440942,,,
COc1ccc(cc1O)C1=CC(=O)c2c(cc(cc2O1)O[C@@H]1O[C@H](CO[C@@H]2O[C@@H](C)[C@H](O)[C@@H](O)[C@H]2O)[C@@H](O)[C@H](O)[C@H]1O)O,5281613,608.5,15,8,-0.8,0,234,7,0,,21917377,,,
OCCN1CCN(CC\C=C2\c3ccccc3Sc3ccc(cc\23)C(F)(F)F)CC1,5281881,434.5,7,1,4.5,0,52,5,1,,22027002,,,
Nc1scc(n1)/C(=C/CC(O)=O)/C(=O)N[C@H]1[C@H]2SCC=C(N2C1=O)C(O)=O CEFTIBUTEN,5282242,410.4,10,4,-0.3,0,217,6,0,,22791998,,,
CN(C)CC\C=C1\c2ccccc2CSc2ccccc\12,5282426,295.4,2,0,4.5,0,28.5,3,1,,22797777,,,
O=C1[C@@H]2[C@@H]3CC[C@@H](C3)[C@@H]2C(=O)N1CCCCN1CCN(CC1)c1ncccn1,5282466,383.5,6,0,1.9,0,69.6,6,1,,22798732,,,
C[C@H]1C[C@H]2[C@@H]3CCC4=CC(=O)C=C[C@]4(C)[C@@]3(F)[C@@H](O)C[C@]2(C)[C@@]1(OC(=O)c1ccccc1)C(=O)CO,5282492,496.6,7,2,3.9,0,101,5,1,,22799667,,,
CCCCC(=O)O[C@@]1(CC[C@H]2[C@@H]3CCC4=CC(=O)CC[C@]4(C)[C@H]3[C@@H](O)C[C@@]21C)C(=O)CO,5282494,446.6,6,2,3.8,0,101,7,1,,22802332,,,
COc1ccc2c3c1O[C@H]1[C@@H](O)C=C[C@H]4[C@@H](C2)N(C)CC[C@]143,5284371,299.4,4,1,1.1,0,41.9,1,1,,22811078,,,
CC[C@@H]1NC(=O)[C@H]([C@H](O)[C@H](C)C\C=C\C)N(C)C(=O)[C@H](C(C)C)N(C)C(=O)[C@H](CC(C)C)N(C)C(=O)[C@H](CC(C)C)N(C)C(=O)[C@@H](C)NC(=O)[C@H](C)NC(=O)[C@H](CC(C)C)N(C)C(=O)[C@@H](NC(=O)[C@H](CC(C)C)N(C)C(=O)CN(C)C1=O)C(C)C CICLOSPORIN,5284373,1202.6,12,5,7.5,0,279,15,0,,22851841,,,
COc1ccc2c3c1O[C@H]1C(=O)CC[C@H]4[C@@H](C2)N(C)CC[C@@]413,5284569,299.4,4,0,2.2,0,38.8,1,1,,23453660,,,
CN1CC[C@]23[C@H]4CCC(=O)[C@@H]3Oc3c(ccc(c32)C[C@H]41)O,5284570,285.34,4,1,1.8,0,49.8,0,1,,23563796,,,
CC[C@H](N1CCCC1=O)C(N)=O,5284583,170.21,2,1,-0.3,0,63.4,3,1,,23618274,,,
N[C@@H](C(=O)N[C@H]1[C@H]2CCC(=C(N2C1=O)C(O)=O)Cl)c1ccccc1 LORACARBEF,5284585,349.77,5,3,-1.7,0,113,4,0,,23623629,,,
C[C@H]1C[C@H]2[C@@H]3CCC4=CC(=O)C=C[C@]4(C)[C@H]3C(=O)C[C@]2(C)[C@@]1(O)C(=O)CO,5284587,372.5,5,2,1.9,0,91.7,2,1,,23872158,,,
CCCCCCC(C)(C)c1cc(c2c(c1)OC(C)(C)[C@@H]1CCC(=O)C[C@H]12)O,5284592,372.5,3,1,6.4,0,46.5,6,1,,23872188,,,
Oc1ccc2c3c1O[C@H]1C(=C)CC[C@@]4(O)[C@@H](C2)N(CC[C@@]134)CC1CC1,5284594,339.4,4,2,2.7,0,52.9,2,1,,24096961,,,
Oc1ccc2c3c1O[C@H]1C(=O)CC[C@@]4(O)[C@@H](C2)N(CC[C@@]134)CC=C,5284596,327.4,5,2,2.1,0,70,2,1,,24835602,,,
COc1ccc2c3c1O[C@H]1C(=O)CC[C@@]4(O)[C@@H](C2)N(C)CC[C@@]134,5284603,315.4,5,1,1.2,0,59,1,1,,25136943,,,
CN1CC[C@@]23[C@H]4Oc5c(ccc(c52)C[C@@H]1[C@]3(O)CCC4=O)O,5284604,301.34,5,2,0.8,0,70,0,1,,25271671,,,
CC1(C)O[C@@H]2CO[C@@]3(COS(N)(=O)=O)OC(C)(C)O[C@H]3[C@@H]2O1,5284627,339.36,9,1,-0.8,0,124,3,1,,25271724,,,
CN1CC[C@@]23[C@H]4Oc5c(ccc(c52)C[C@@H]1[C@@H]3C=C[C@@H]4O)O,5288826,285.34,4,2,0.8,0,52.9,0,1,,25271730,,,
C[C@@H]1C[C@H]2[C@@H]3[C@H](Cl)CC4=CC(=O)C=C[C@]4(C)[C@H]3[C@@H](O)C[C@]2(C)[C@@]1(O)C(=O)CO,5311000,408.9,5,3,2.2,0,94.8,2,1,,25273602,,,
C[C@@H]1C[C@H]2[C@@H]3C[C@H](F)C4=CC(=O)C=C[C@]4(C)[C@@]3(Cl)[C@@H](O)C[C@]2(C)[C@H]1C(=O)CO,5311052,410.9,5,2,2.5,0,74.6,2,1,,25273635,,,
CC1(C)O[C@@H]2C[C@H]3[C@@H]4CCC5=CC(=O)C=C[C@]5(C)[C@H]4[C@@H](O)C[C@]3(C)[C@@]2(O1)C(=O)CO,5311066,416.5,6,2,2.7,0,93.1,2,1,,25322826,,,
C[C@@H]1C[C@H]2[C@@H]3CCC4=CC(=O)C=C[C@]4(C)[C@@]3(F)[C@@H](O)C[C@]2(C)[C@H]1C(=O)CO,5311067,376.5,5,2,2.3,0,74.6,2,1,,28082481,,,
C[C@@H]1C[C@H]2[C@@H]3C[C@H](F)C4=CC(=O)C=C[C@]4(C)[C@@]3(F)[C@@H](O)C[C@]2(C)[C@@]1(O)C(=O)SCF,5311101,444.5,8,2,3.2,0,99.9,3,1,,28125517,,,
O[C@H]1CC[C@@]2(O)[C@H]3Cc4ccc(c5c4[C@@]2(CCN3CC2CCC2)[C@H]1O5)O,5311304,357.4,5,3,0.2,0,73.2,2,1,,28178754,,,
OCCC1CCN(CC\C=C2\c3ccc(cc3Sc3ccc(cc\23)C(F)(F)F)F)CC1,5311360,451.5,7,1,5.9,0,48.8,5,1,,28248394,,,
CC(C)(C)C(O)\C=C\c1ccc2c(c1)OCO2,5311454,234.29,3,1,3.6,0,38.7,3,1,,28667067,,,
OCCN1CCN(CC\C=C2\c3ccccc3Sc3ccc(cc\23)Cl)CC1,5311507,401,4,1,4.3,0,52,5,1,,29010876,,,
COCCCC/C(=N/OCCN)/c1ccc(cc1)C(F)(F)F,5324346,318.33,7,1,2.6,0,56.8,9,1,,29918981,,,
CN1CC[C@@]23CCCC[C@H]3[C@H]1Cc1ccc(cc21)O,5359272,257.37,2,1,3.1,0,23.5,0,1,,29919954,,,
CN1CC[C@]23[C@H]4CCC(=O)[C@]3(C)Oc3c(ccc(c32)C[C@H]41)O,5359353,299.4,4,1,2,0,49.8,0,1,,29935463,,,
Oc1ccc2c(c1)[C@]13CCCC[C@H]3[C@@H](C2)N(CC1)CC=C,5359371,283.4,2,1,3.5,0,23.5,2,1,,35025660,,,
Oc1ccc2c3c1O[C@H]1C(=O)CC[C@@]4(O)[C@@H](C2)N(CC[C@@]134)CC1CC1,5360515,341.4,5,2,1.9,0,70,2,1,,36688143,,,
CC(C)=CCN1CC[C@@]23[C@H]4Oc5c(ccc(c52)C[C@@H]1[C@]3(O)CCC4=O)O,5360516,355.4,5,2,2.9,0,70,2,1,,36690649,,,
COc1ccc2c(c1)[C@@]13CCCC[C@@H]3[C@H](C2)N(C)CC1,5360696,271.4,2,0,3.4,0,12.5,1,1,,38988386,,,
CN1CC[C@]23CCCC[C@@H]3[C@@H]1Cc1ccc(cc21)O,5360697,257.37,2,1,3.1,0,23.5,0,1,,38988954,,,
Oc1ccc2c(c1)[C@]13CCCC[C@@]3(O)[C@@H](C2)N(CC1)CC1CC1,5361090,313.4,3,2,3.2,0,43.7,2,1,,40426983,,,
Oc1ccc2c(c1)[C@]13CCCC[C@@]3(O)[C@@H](C2)N(CC1)CC1CCC1,5361092,327.5,3,2,3.8,0,43.7,2,1,,40462256,,,
CO\N=C(/C(=O)N[C@H]1[C@H]2SCC(=C(N2C1=O)C(=O)OC(C)OC(C)=O)COC(N)=O)\c1occc1 CEFUROXIME-AXETIL,5361467,510.5,12,2,0.9,0,214,12,0,,40467115,,,
CO\N=C(/C(=O)N[C@H]1[C@H]2SCC(=C(N2C1=O)C(O)=O)CSc1nnnn1C)\c1csc(n1)N CEFMENOXIME,5361486,511.6,14,3,0,0,270,8,0,,40467204,,,
CO\N=C(/C(=O)N[C@H]1[C@H]2SCC=C(N2C1=O)C(O)=O)\c1csc(n1)N CEFTIZOXIME,5361848,383.4,10,3,0,0,201,5,0,,40507403,,,
Oc1ccc2c(c1)[C@@]13CCN(CC4CC4)[C@H](C2)[C@@H]3CCOC1,5361874,299.4,3,1,2.9,0,32.7,2,1,,40510050,,,
CC[C@H]1CC(=O)[C@@H]2Oc3c(ccc4c3[C@]32CCN(CC2CC2)[C@H](C4)[C@H]13)OC,5361887,367.5,4,0,3.9,0,38.8,4,1,,40541300,,,
CC(C)(C)NC(=O)[C@@H]1CN(CCN1C[C@@H](O)C[C@@H](Cc1ccccc1)C(=O)N[C@@H]1[C@H](O)Cc2ccccc12)Cc1cccnc1,5362440,613.8,7,4,2.8,0,118,12,0,,42066845,,,
COc1ccc2c(c1)[C@]13CCCC[C@H]3[C@@H](C2)N(C)CC1,5362449,271.4,2,0,3.4,0,12.5,1,1,,42126910,,,
CN1CC[C@@]23[C@@H]4CCC[C@H]3[C@H]1Cc1ccc(c(c21)O4)O,5362456,271.35,3,1,2.8,0,32.7,0,1,,44214615,,,
Oc1ccc2c(c1)[C@]13CCCC[C@H]3[C@@H](C2)N(CCc2ccccc2)CC1,5362458,347.5,2,1,5.1,0,23.5,3,1,,44309989,,,
CN1CC[C@@]23[C@H]4Oc5c(ccc(c52)C[C@@H]1[C@@H]3C=C[C@@H]4OC(=O)c1cccnc1)OC(=O)c1cccnc1,5362460,495.5,8,0,2.7,0,90.8,6,1,,44310063,,,
Oc1ccc2c(c1)[C@]13CCCC[C@H]3[C@@H](C2)N(CC1)CC(=O)c1ccccc1,5362482,361.5,3,1,4.2,0,40.5,3,1,,44310303,,,
CN1CC[C@]23[C@H]4CC=C(C)[C@@H]3Oc3c(ccc(c32)C[C@H]41)O,5362518,283.4,3,1,2.5,0,32.7,0,1,,44310313,,,
CN(C)C\C=C(\c1ccc(cc1)Br)/c1cccnc1,5365247,317.22,2,0,3.9,0,16.1,4,1,,44310316,,,
CCC(N(CC)C(=O)/C=C/C)C(=O)N(C)C,5368010,226.32,2,0,1.4,0,40.6,5,1,,44310324,,,
CCCN(C(CC)C(=O)N(C)C)C(=O)/C=C/C,5369258,240.34,2,0,1.9,0,40.6,6,1,,44310435,,,
Oc1ccc(cc1)\C=C(/[N+]#[C-])\C(=C\c1ccc(cc1)O)\[N+]#[C-] XANTOCILLIN,5378293,288.3,4,2,3.1,0,49.2,3,0,,44310487,,,
CNC\C=C(\c1ccc(cc1)Br)/c1cccnc1,5378630,303.2,2,1,3.4,0,24.9,4,1,,44310501,,,
C[C@H]1[C@H](NC(=O)\C(=N/OC(C)(C)C(O)=O)\c2csc(n2)N)C(=O)N1S(O)(=O)=O AZTREONAM,5459211,435.4,12,4,0.3,0,238,7,0,,44310529,,,
CN1CC[C@@]23[C@H]4Oc5c(ccc(c52)C[C@@H]1[C@@H]3C=C[C@@H]4OC(C)=O)OC(C)=O,5462328,369.4,6,0,1.5,0,65.1,4,1,,44310540,,,
O[C@H]1C=C[C@H]2[C@H]3Cc4ccc(c5c4[C@@]2(CCN3)[C@H]1O5)O,5462508,271.31,4,3,0.3,0,61.7,0,1,,44310637,,,
Oc1ccc2c(c1)[C@]13CCCC[C@H]3[C@@H](C2)NCC1,5463854,243.34,2,2,2.6,0,32.3,0,1,,44310651,,,
CN1CC[C@@]23[C@H]4Oc5c(ccc(c52)C[C@@H]1[C@]3(O)CC[C@@H]4O)O,5463858,303.35,5,3,-1.1,0,73.2,0,1,,44310710,,,
COCCCC\C(=N/OCCN)\c1ccc(cc1)Cl,5464200,284.78,4,1,2.4,0,56.8,9,1,,44310729,,,
CO\N=C(/C(=O)N[C@H]1[C@H]2SCC(=C(N2C1=O)C(O)=O)CSc1snnc1)\c1csc(n1)N CEFUZONAM,5464255,513.6,14,3,-0.2,0,280,8,0,,44310754,,,
CO\N=C(/C(=O)N[C@H]1[C@H]2SCC(=C(N2C1=O)C(O)=O)Cn1nnc(n1)C)\c1csc(n1)N CEFTERAM,5464257,479.5,13,3,-0.9,0,244,7,0,,44310763,,,
CN1CC[C@]23[C@H]4CC[C@](C)(O)[C@@H]3Oc3c(ccc(c32)C[C@H]41)O,5464303,301.4,4,2,2,0,52.9,0,1,,44310764,,,
COc1ccc2c3c1O[C@H]1[C@H](CC[C@H]4[C@@H](C2)N(C)CC[C@@]413)OC(=O)c1cccnc1,5464304,406.5,6,0,3.3,0,60.9,4,1,,44310773,,,
CO\N=C(/C(=O)N[C@H]1[C@H]2SCC(=C(N2C1=O)C(O)=O)COC(C)=O)\c1occc1 CEFURACETIME,5464313,423.4,10,2,0.4,0,173,8,0,,44310793,,,
CO\N=C(/C(=O)N[C@H]1[C@H]2SCC(=C(N2C1=O)C([O-])=O)C[n+]1ccn2c1C=CC=N2)\c1nsc(n1)N CEFOZOPRAN,5464317,515.5,12,2,0.7,0,238,6,0,,44310837,,,
CO\N=C(\C(=O)N[C@H]1[C@H]2SCC(=C(N2C1=O)C([O-])=O)C[n+]1cccc2c1CCCC2)/c1csc(n1)N CEFQUINOME,5464355,528.6,10,2,1.5,0,208,6,0,,44310851,,,
CO\N=C(/C(=O)N[C@H]1[C@H]2SCC(=C(N2C1=O)C(O)=O)COC(C)=O)\c1csc(n1)N CEFOTAXIME,5479527,455.5,12,3,-1.4,0,227,8,0,,44310909,,,
CO\N=C(\C(=O)N[C@H]1[C@H]2SCC(=C(N2C1=O)C(O)=O)COC(N)=O)/c1occc1 CEFUROXIME,5479529,424.4,10,3,-0.2,0,199,8,0,,44310946,,,
CO\N=C(\C(=O)N[C@H]1[C@H]2SCC(=C(N2C1=O)C(O)=O)CSC1=NC(=O)C(=O)NN1C)/c1csc(n1)N CEFTRIAXONE,5479530,554.6,13,4,-1.3,0,288,8,0,,44311016,,,
CO\N=C(\C(=O)N[C@H]1[C@H]2SCC(=C(N2C1=O)C([O-])=O)C[N+]1(C)CCCC1)/c1csc(n1)N CEFEPIME,5479537,480.6,10,2,-0.1,0,204,6,0,,44328017,,,
CC[C@H]1OC(=O)[C@H](C)[C@@H](O[C@H]2C[C@@](C)(OC)[C@@H](O)[C@H](C)O2)[C@H](C)[C@@H](O[C@@H]2O[C@H](C)C[C@@H]([C@H]2O)N(C)C)[C@](C)(O)C[C@@H](C)\C(=N/OCOCCOC)\[C@H](C)[C@@H](O)[C@]1(C)O ROXITHROMYCIN,5480431,837,17,5,3.1,0,217,13,0,,44328034,,,
CC[C@H]1OC(=O)[C@H](C)[C@@H](O[C@H]2C[C@@](C)(OC)[C@@H](O)[C@H](C)O2)[C@H](C)[C@@H](O[C@@H]2O[C@H](C)C[C@@H]([C@H]2O)N(C)C)[C@](C)(O)C[C@@H](C)\C(=N/OC)\[C@H](C)[C@@H](O)[C@]1(C)O LEXITHROMYCIN,5482599,763,15,5,3.3,0,198,8,0,,44383796,,,
CC(C)(O\N=C(/C(=O)N[C@H]1[C@H]2SCC(=C(N2C1=O)C([O-])=O)C[n+]1ccccc1)\c1csc(n1)N)C(O)=O CEFTAZIDIME,5484131,546.6,12,3,0.4,0,245,8,0,,44433393,,,
CO\N=C(/C(=O)N[C@H]1[C@H]2SCC(=C(N2C1=O)C(O)=O)CSC(=O)c1occc1)\c1csc(n1)N CEFTIOFUR,5484735,523.6,13,3,0.2,0,256,9,0,,44445687,,,
[O-][N+](=O)c1c(c(cc2c1NC(=O)C(=O)N2)Cl)Cl,5486198,276.03,4,2,1.5,0,104,0,1,,44445809,,,
CO\N=C(/C(=O)N[C@H]1[C@H]2SCC(=C(N2C1=O)C(O)=O)C)\c1csc(n1)N CEFETAMET,5486821,397.4,10,3,-0.7,0,201,5,0,,44558892,,,
CC(C)C[C@H](CN)CC(O)=O,5486971,159.23,3,2,-1.6,0,63.3,5,1,,44568616,,,
C[C@H]1CC(=C)C[C@]23CCN(CC4CCC4)[C@H](Cc4ccc(cc24)O)[C@H]13,5488631,337.5,2,1,5,0,23.5,2,1,,45039935,,,
CC(Oc1cccc2ccccc12)/C(/N)=N/O,5489477,230.26,3,2,2.3,0,67.8,3,1,,45115740,,,
Oc1cccc2c1[C@@]13CCN(CC4CC4)[C@H](C2)[C@@H]3CCC(=O)C1,5490677,311.4,3,1,2.7,0,40.5,2,1,,45266806,,,
CO\N=C(/C#N)\[C@H]1CN2CCC1CC2,5491428,193.25,4,0,1,0,48.6,2,1,,45356253,,,
COCCN1CC[C@@]23[C@H]4Oc5c(ccc(c52)C[C@@H]1[C@]3(O)CCC4=O)O,5491906,345.4,6,2,1,0,79.2,3,1,,45356255,,,
CCCCC/C(=N/OCCN)/c1ccc(c(c1)N)C,5492298,263.38,4,2,2.8,0,73.6,8,1,,46931072,,,
CO\N=C(/C(=O)N[C@H]1[C@H]2SCC=C(N2C1=O)C(=O)OCOC(=O)C(C)(C)C)\c1csc(n1)NC(=O)[C@H](C)N CEFTIZOXIME_ALAPIVOXIL,5493446,568.6,13,3,1.1,0,245,12,0,,50988829,,,
C[C@@H]1CC2C3CCC4=CC(=O)C=C[C@]4(C)[C@@]3(F)[C@@H](O)C[C@]2(C)[C@@]1(O)C(=O)COC(C)=O,5702036,434.5,7,2,2.8,0,101,4,1,,51371469,,,
C[C@@H]1CC2C3C[C@H](F)C4=CC(=O)C=C[C@]4(C)[C@@]3(F)[C@@H](O)C[C@]2(C)[C@@]1(O)C(=O)COC(=O)C(C)(C)C,5702055,494.6,8,2,3.9,0,101,5,1,,51380894,,,
CC(=O)N1CCN(CC1)c1ccc(cc1)OCC1CO[C@@](Cn2ccnc2)(O1)c1ccc(cc1Cl)Cl,5702077,531.4,6,0,4.3,0,69.1,7,0,,51538331,,,
CC1(C)O[C@@H]2CC3C4C[C@H](F)C5=CC(=O)CC[C@]5(C)C4[C@@H](O)C[C@]3(C)[C@@]2(O1)C(=O)CO,5702172,436.5,7,2,1.4,0,93.1,2,1,,52539208,,,
C[C@@H]1CC2C3C[C@H](F)C4=CC(=O)C=C[C@]4(C)[C@@]3(F)[C@@H](O)C[C@]2(C)[C@@]1(O)C(=O)CO,5702178,410.5,7,3,1.9,0,94.8,2,1,,53298655,,,
CO\N=C(/C(=O)N[C@H]1[C@@H]2N(C1=O)C(=C(COC(C)=O)CS2=O)C(O)=O)\c1csc(n1)N CEFTIOXIDE,5748700,471.5,13,3,-1.7,0,238,8,0,,53466230,,,
CO\N=C(\C(=O)N[C@H]1[C@H]2SCC(=C(N2C1=O)C([O-])=O)C[n+]1ccc(n1CCO)N)/c1csc(n1)N CEFOSELIS,5748845,522.6,12,4,-0.9,0,259,8,0,,53769590,,,
Cc1cccc(n1)\C=N\N1CCN(CC1)C(c1ccccc1)c1ccccc1,5826113,370.5,4,0,4.8,0,31.7,5,1,,53949923,,,
CC/C(=C/C)/C(=O)NC(N)=O,5895404,156.18,2,2,0.9,0,72.2,2,1,,54024991,,,
COc1cc(cc(c1OC)OC)/C=C/C(N)=O,6154037,237.25,4,1,0.8,0,70.8,5,1,,54153082,,,
Nc1scc(n1)/C(=N/OCC(O)=O)/C(=O)N[C@H]1[C@H]2SCC(=C(N2C1=O)C(O)=O)C=C CEFIXIME,6321411,453.5,12,4,-0.7,0,238,8,0,,54180250,,,
CO\N=C(/C(=O)N[C@H]1[C@H]2SCC(=C(N2C1=O)C(O)=O)CSc1sc(c(n1)C)CC(O)=O)\c1csc(n1)N CEFODIZIME,6321412,584.7,15,4,0.2,0,305,10,0,,54190830,,,
COCC1=C(N2[C@H](SC1)[C@H](NC(=O)\C(=N/OC)\c1csc(n1)N)C2=O)C(O)=O CEFPODOXIME,6321413,427.5,11,3,-1.4,0,210,7,0,,54283995,,,
CN1[C@@H]2CC[C@@H]1CC(C2)OC(=O)C(O)c1ccccc1,6321423,275.34,4,1,1.9,0,49.8,4,1,,54329016,,,
O=C1NCCN1C1CCN(CC[C@H]2COc3ccccc3O2)CC1,6328465,331.4,4,1,1.8,0,54,4,1,,54367653,,,
COCC1=C(N2[C@H](SC1)[C@H](NC(=O)\C(=N/O)\c1csc(n1)N)C2=O)C(O)=O CEFDALOXIME,6399259,413.4,11,4,-1.2,0,221,6,0,,54444335,,,
N[C@@H](C(=O)N[C@H]1[C@H]2SCC(=C(N2C1=O)C(O)=O)CSc1c[nH]nn1)c1ccc(cc1)O CEFATRIZINE,6410758,462.5,10,5,-2.3,0,225,7,0,,54488315,,,
CC\C=C(\C)/C1(CC)C(=O)NC(=O)NC1=O,6433158,224.26,3,2,1.7,0,75.3,3,1,,54491112,,,
COc1cc(cc(c1OC)OC)C(=O)/C=C/N1CC=CC1,6433520,289.33,5,0,1.8,0,48,6,1,,54546991,,,
O=C1CCC(C2CCN(CC2)C/C=C/c2ccccc2)(C(=O)N1)c1ccccc1,6433620,388.5,3,1,3.8,0,49.4,5,1,,54571249,,,
CO\N=C\C1=CCCN(C)C1,6435812,154.21,3,0,0.7,0,24.8,2,1,,54676038,,,
CC\C=C(/C(=O)N[C@H]1[C@H]2SCC(=C(N2C1=O)C(O)=O)COC(N)=O)\c1csc(n1)N CEFCAPENE,6436055,453.5,10,4,-0.5,0,232,8,0,,54676228,,,
C[N+](C)([O-])CC\C=C1\c2ccccc2C=Cc2c(cccc\12)Cl,6436093,325.8,1,0,4.7,0,18.1,3,1,,54676315,,,
CN1C(=O)CS\C\1=C/C(=O)Nc1c(cccc1Cl)C,6436118,296.77,3,1,2.2,0,74.7,2,1,,54677470,,,
Clc1ccc(nn1)N1CCN(CC1)C/C=C/c1ccccc1,6436126,314.8,4,0,3.2,0,32.3,4,1,,54677971,,,
C\C=C/C1O[C@]23CC[C@](O1)(C(=O)COC(=O)c1ccncc1)[C@@]3(C)C[C@H](O)[C@H]1[C@H]2CCC2=CC(=O)CC[C@]12C,6436148,535.6,8,1,2.8,0,112,6,1,,54677972,,,
CC[N+](C)(C\C=C\C1=C(N2[C@H](SC1)[C@H](NC(=O)\C(=N/OCF)\c1nsc(n1)N)C2=O)C([O-])=O)CC(N)=O CEFLUPRENAM,6436167,556.6,13,3,0.8,0,260,11,0,,54685524,,,
OCCN1CCN(CC\C=C2\c3ccccc3COc3ccc(cc\23)Cl)CC1,6436541,398.9,4,1,4,0,35.9,5,1,,54688261,,,
NC/C(/CCc1ccc(cc1)F)=C/F,6437850,197.22,3,1,2.3,0,26,4,1,,55279383,,,
Cn1nnnc1SCC1=C(N2[C@H](SC1)[C@H](NC(=O)CS\C=C/C#N)C2=O)C(O)=O CEFIVITRIL,6443795,453.5,11,2,-0.5,0,230,8,0,,56840928,,,
CN(CCOC(c1ccccc1)c1ccccc1)C/C=C/c1ccccc1,6443800,357.5,2,0,5.4,0,12.5,9,1,,57217772,,,
COc1cc(cc(c1OC)OC)\C=C\C(=O)N1CCCCCCC1,6443803,333.4,4,0,3.5,0,48,5,1,,57243330,,,
CN1CCN(CC1)C1=Nc2cscc2/C(=C/C#N)/c2cscc21,6450478,340.5,5,0,1.7,0,99.1,1,1,,57298394,,,
CC[C@H]1OC(=O)[C@H](C)[C@@H](O[C@H]2C[C@@](C)(OC)[C@@H](O)[C@H](C)O2)[C@H](C)[C@@H](O[C@@H]2O[C@H](C)C[C@@H]([C@H]2O)N(C)C)[C@](C)(O)C[C@@H](C)[C@@H]2N[C@@H](COCCOC)O[C@H]([C@H]2C)[C@]1(C)O DIRITHROMYCIN,6473883,835.1,16,5,4.2,0,196,12,0,,57660201,,,
C/C(=C\CCN1CCC2(CC1)N(CNC2=O)c1ccccc1)/c1ccc(cc1)F,6504344,393.5,4,1,4.6,0,35.6,5,1,,58649031,,,
CO\N=C(/C(=O)N[C@H]1[C@H](C)N(OCC(=O)OCC(=O)OC(C)(C)C)C1=O)\c1csc(n1)N GLOXIMONAM,6506803,471.5,12,2,1.3,0,200,12,0,,59242549,,,
CO\N=C(\C(=O)N[C@H]1[C@H]2SCC(=C(N2C1=O)C(O)=O)/C=C/SC1=NNC(=O)C(=O)N1CC=O)/c1csc(n1)N CEFTIOLENE,6537430,594.6,15,4,-1.3,0,305,10,0,,59427117,,,
CO\N=C(\C(=O)N[C@H]1[C@H]2SCC(=C(N2C1=O)C([O-])=O)C[N+]12CCC(CC1)(CC2)C(N)=O)/c1nsc(n1)N CEFCLIDIN,6537446,550.6,12,3,-1.4,0,260,7,0,,59533560,,,
NC(=O)OC[C@@H]1[C@H](NC(=O)/C(=N/OCC(O)=O)/c2csc(n2)N)C(=O)N1S(O)(=O)=O CARUMONAM,6540466,466.4,14,5,-1.4,0,291,10,0,,59867333,,,
CC1(C)S[C@@H]2[C@H](NC(=O)[C@H](NC(=O)c3cnc4cccnc4c3O)c3ccccc3)C(=O)N2[C@H]1C(O)=O APALCILLIN,6602341,521.5,9,4,2.2,0,183,6,0,,66721904,,,
CC1(C)O[C@@H]2CC3C4C[C@H](F)C5=CC(=O)C=C[C@]5(C)[C@@]4(F)[C@@H](O)C[C@]3(C)[C@@]2(O1)C(=O)CO,6710651,452.5,8,2,2.5,0,93.1,2,1,,66752598,,,
CC(=O)OCC(=O)[C@@]1(O)CCC2C3CCC4=CC(=O)CC[C@]4(C)[C@@]3(F)[C@@H](O)C[C@@]21C,6710659,422.5,7,2,1.7,0,101,4,1,,66873920,,,
CC(=O)OCC(=O)[C@]12OC(C)(C)O[C@@H]2CC2C3C[C@H](F)C4=CC(=O)C=C[C@]4(C)[C@@]3(F)[C@@H](O)C[C@@]21C,6710662,494.5,9,1,3.2,0,99.1,4,1,,67105510,,,
CCOC(=O)O[C@@]1(CC[C@H]2[C@@H]3CCC4=CC(=O)C=C[C@]4(C)[C@H]3[C@@H](O)C[C@@]21C)C(=O)COC(=O)CC,6714002,488.6,8,1,4.2,0,116,9,1,,67279523,,,
CNCCC(Oc1ccccc1C)c1ccccc1,6850813,255.35,2,1,3.7,0,21.3,6,1,,68192153,,,
Nc1scc(n1)\C(=N/O)\C(=O)N[C@H]1[C@H]2SCC(=C(N2C1=O)C(O)=O)C=C CEFDINIR,6915944,395.4,10,4,0,0,212,5,0,,68486516,,,
C[C@@]12C[C@H](O)[C@@]3(F)[C@@H](CCC4=CC(=O)C=C[C@@]43C)[C@@H]2C[C@H]2Cc3ccccc3C[C@]21C(=O)CO,6917657,464.6,5,2,3.7,0,74.6,2,1,,68746558,,,
CCOC(OCC)C(=O)OCC(=O)[C@@]1(O)C[C@H](O[C@H]2C[C@H](N)[C@H](O)[C@H](C)O2)c2c(c3c(c(c2C1)O)C(=O)c1cccc(c1C3=O)OC)O DETORUBICIN,6917660,673.7,15,5,1.9,0,231,12,0,,68909028,,,
CO\N=C(/C(=O)N[C@H]1[C@H]2SCC(=C(N2C1=O)C([O-])=O)C[n+]1cccc2c1CCC2)\c1csc(n1)N CEFPIROME,6917674,514.6,10,2,0.9,0,208,6,0,,69064617,,,
CN1CC[C@]23NC(=O)C[C@H]([C@H]2C1)c1cc(ccc1O3)Cl,6917700,292.76,3,1,1.8,0,41.6,0,1,,69889526,,,
CO\N=C(/C(=O)N[C@H]1[C@H](C)N(OCC(O)=O)C1=O)\c1csc(n1)N OXIMONAM,6917717,357.35,10,3,0.1,0,185,7,0,,70037139,,,
CNCCSC1=Cc2ccccc2Oc2ccc(cc12)F,6917740,301.4,4,1,3.8,0,46.6,4,1,,70172956,,,
CCS[C@@]1(CC[C@H]2[C@@H]3CCC4=CC(=O)C=C[C@]4(C)[C@@]3(F)[C@@H](O)C[C@@]21C)SC,6917939,410.6,5,1,4.3,0,87.9,3,1,,70202583,,,
COC1=CC(=O)O[C@@H]1[C@@H](O)c1ccccc1Cl,6918049,254.66,4,1,1.4,0,55.8,3,1,,70250504,,,
C[C@@H](O)[C@@H]1[C@H]2SC(=C(N2C1=O)C(O)=O)S[C@H]1CCS(=O)C1 SULOPENEM,6918095,349.5,8,2,0,0,165,4,0,,70685130,,,
CC(C)C(=O)OCC(=O)[C@]12O[C@@H](O[C@@H]2C[C@H]2[C@@H]3CCC4=CC(=O)C=C[C@]4(C)[C@H]3[C@@H](O)C[C@@]21C)C1CCCCC1,6918155,540.7,7,1,5.3,0,99.1,6,1,,70691443,,,
CC1(C)[C@H](NC(=O)/C(=N/OCC(O)=O)/c2csc(n2)N)C(=O)N1OS(O)(=O)=O TIGEMONAM,9576769,437.4,13,4,-0.6,0,247,8,0,,71251219,,,
CO\N=C(/C(=O)N[C@H]1[C@H]2SCC(=C(N2C1=O)C(=O)OC(C)OC(=O)C(C)(C)OC)COC(N)=O)\c1occc1 CEFUROXIME-PIVOXETIL,9595289,568.6,13,2,1.4,0,224,14,0,,71407781,,,
COc1cccc2c1C(=O)c1c(c3c(c(c1C2=O)O)C[C@](O)(C[C@@H]3O[C@H]1C[C@H](N)[C@H](O)[C@H](C)O1)\C(\C)=N/NC(=O)c1ccccc1)O ZORUBICIN,9595290,645.7,12,6,3.8,0,210,6,0,,71522604,,,
C[C@@]12CC[C@@H](O)C[C@@H]2CC[C@H]2[C@@H]3CC[C@H](C(=O)CO)[C@@]3(C)CC(=O)[C@@H]21,9798416,348.5,4,2,2.6,0,74.6,2,1,,71777433,,,
C[C@H](O)[C@@H]1[C@H]2[C@@H](C)C(=C(N2C1=O)C(O)=O)S[C@@H]1CN[C@@H](C1)C(=O)N(C)C MEROPENEM,9800191,383.5,7,3,-2.4,0,136,5,0,,72710768,,,
CC(C)CCC(=O)C[C@H]1N(C(=O)c2ccccc21)c1ccc2ccc(nc2n1)Cl,9801538,407.9,4,0,4.6,0,63.2,6,1,,72710794,,,
O=C1[C@H]2[C@H]3C=C[C@H]([C@H]4C=C[C@H]43)[C@H]2C(=O)N1CCCCN1CCN(CC1)c1ncccn1,9802195,419.5,6,0,1.4,0,69.6,6,1,,73013482,,,
CC(C)(C)C(=O)O[C@@]1(CC[C@H]2[C@@H]3CCC4=CC(=O)CC[C@]4(C)[C@H]3[C@@H](O)C[C@@]21C)C(=O)CS,9804413,462.6,6,2,4.7,0,81.7,5,1,,73416025,,,
NC[C@H]1O[C@H](O[C@@H]2[C@@H](N)C[C@@H](N)C(O[C@H]3O[C@H](CO)[C@@H](O)[C@H](N)[C@H]3O)[C@H]2O)[C@H](N)C[C@@H]1O TOBRAMYCIN,9804613,467.5,14,10,-6.2,0,268,6,0,,73746528,,,
CCC(=O)OCC(=O)[C@]12OC(C)(C)O[C@@H]2C[C@H]2[C@@H]3C[C@H](F)C4=CC(=O)C=C[C@]4(C)[C@@]3(F)[C@@H](O)C[C@@]21C,9806281,508.5,9,1,3.7,0,99.1,5,1,,76323037,,,
CCN(CC)CC(=O)OCC(=O)[C@@]1(O)CCC2C3CCC4=CC(=O)C=C[C@]4(C)C3[C@@H](O)C[C@@]21C,9806354,473.6,7,2,3.2,0,104,8,1,,76955870,,,
CCCCCCCCCCCCCC(=O)OC1C=C[C@H]2[C@H]3Cc4ccc(c5c4[C@@]2(CCN3C)[C@H]1O5)OCc1ccccc1,9808499,585.8,5,0,9.5,0,48,17,1,,76956129,,,
CC[C@@H]1OC(=O)[C@H](C)[C@H](O[C@H]2C[C@@](C)(OC)[C@@H](O)[C@H](C)O2)[C@H](C)[C@@H](O[C@@H]2O[C@H](C)C[C@@H]([C@H]2O)N(C)C)[C@](C)(C[C@@H](C)C(=O)[C@@H](C)[C@@H](O)[C@]1(C)O)OC CLARITHROMYCIN,9810688,748,14,4,3.2,0,183,8,0,,76956244,,,
CC1CCCCC1(N1CCCCC1)c1sccc1,9816725,263.4,2,0,4.4,0,31.5,2,1,,76956312,,,
CC(C)n1cc2c3c(cccc13)[C@H]1C[C@H](CN(C)[C@@H]1C2)C(=O)NC1CCCCC1,9821951,393.6,2,1,4.1,0,37.3,3,1,,76956347,,,
C[C@H]1CC2C3CC[C@](OC(C)=O)(C(C)=O)[C@@]3(C)C[C@H](O)[C@]2(F)[C@@]2(C)C=CC(=O)C=C12,9823328,418.5,6,1,2.6,0,80.7,3,1,,76956421,,,
CCCCC(=O)O[C@@]1(CC[C@H]2[C@@H]3CCC4=CC(=O)C=C[C@]4(C)[C@H]3[C@@H](O)C[C@@]21C)C(=O)CO,9824723,444.6,6,2,4,0,101,7,1,,76956443,,,
CC(=O)OCC(=O)[C@@]1(O)[C@@H](C[C@H]2C3CCC4=CC(=O)C=C[C@]4(C)[C@@]3(F)[C@@H](O)C[C@@]21C)OC(C)=O,9826358,478.5,9,2,1.9,0,127,6,1,,76956672,,,
C[C@@H](O)[C@@H]1[C@H]2CC(=C(N2C1=O)C(O)=O)S[C@@H]1CCN(C1)/C(/C)=N PANIPENEM,9840851,339.4,6,3,0,0,130,5,0,,76956710,,,
C[C@@H]1C[C@H]2[C@@H]3C[C@H](F)C4=CC(=O)C(=C[C@]4(C)[C@@]3(F)[C@@H](O)C[C@]2(C)[C@@]1(O)C(=O)CO)Cl,9846332,444.9,7,3,2.6,0,94.8,2,1,,76956761,,,
CCCCCCCCCCCCCCCCCC(=O)OCC(=O)OCC(=O)[C@@]1(O)CCC2C3CCC4=CC(=O)C=C[C@]4(C)C3[C@@H](O)C[C@@]21C,9852986,684.9,8,2,10.7,0,127,23,1,,76956768,,,
C[C@H]1C[C@H](CC(C)(C)C1)OC(=O)[C@@H]1CCC(=O)N1,9859832,253.34,3,1,2.6,0,55.4,3,1,,76956926,,,
CN1CCC2(O)C(C1)c1cccc(c1Oc1ccccc21)C,9860946,295.4,3,1,2.8,0,32.7,0,1,,76956972,,,
C[C@@]12C[C@H](O)[C@H]3[C@@H](CCC4=CC(=O)C=C[C@]34C)[C@@H]2CC[C@]1(O)C(=O)OCCl,9865442,394.9,5,2,2.6,0,83.8,3,1,,76957073,,,
CC[C@H](C)C(=O)O[C@H]1C[C@@H](C)C=C2C=C[C@H](C)[C@H](CC[C@@H]3C[C@@H](O)CC(=O)O3)C12,9865943,404.5,5,1,4.3,0,72.8,7,1,,76957098,,,
CC1(C)O[C@@H]2CC3C4CCC5=CC(=O)CC[C@]5(C)[C@@]4(F)[C@@H](O)C[C@]3(C)[C@@]2(O1)C(=O)CCl,9868603,455,6,1,3.6,0,72.8,2,1,,76957225,,,
CC(=O)OCC(=O)[C@@]1(O)CCC2C3CCC4=CC(=O)C=C[C@]4(C)[C@@]3(Cl)[C@@H](Cl)C[C@@]21C,9868609,455.4,5,1,3.1,0,80.7,4,1,,76957708,,,
C[C@@H]1CC2C3CCC4=CC(=O)C=C[C@]4(C)[C@@]3(Cl)[C@@H](O)C[C@]2(C)[C@@]1(OC(=O)c1occc1)C(=O)CCl,9871375,521.4,6,1,3.9,0,93.8,5,1,,76957764,,,
CC1(C)S[C@@H]2[C@H](NC(=O)[C@H](NC(=O)CN/C(=N)/c3ccncc3)c3ccccc3)C(=O)N2[C@H]1C(O)=O PIRBENICILLIN,9871712,510.6,8,4,0.7,0,192,8,0,,76957799,,,
NC[C@H]1O[C@H](O[C@@H]2[C@@H](N)C[C@@H](NC(CO)CO)[C@H](O[C@H]3O[C@H](CO)[C@@H](O)[C@H](N)[C@H]3O)[C@H]2O)[C@H](N)[C@@H](O)[C@@H]1O PROPIKACIN,9872451,557.6,17,13,-8,0,315,10,0,,76957916,,,
CC(=O)O[C@]12CO[C@@H]2C[C@H](O)[C@]2(C)C1[C@H](OC(=O)c1ccccc1)[C@]1(O)C[C@H](OC(=O)[C@H](O)[C@@H](NC(=O)OC(C)(C)C)c3ccccc3)C(=C([C@@H](O)C2=O)C1(C)C)C,9877265,807.9,14,5,1.6,0,224,13,0,,76958093,,,
CN1C[C@H](CSc2ccccn2)C=C2[C@H]1Cc1c[nH]c3cccc2c13,9884658,347.5,3,1,3.6,0,57.2,3,1,,76958227,,,
C[C@H]1CC2[C@@H]3CC[C@](O)(C(=O)COC(=O)CCC(O)=O)[C@@]3(C)C[C@H](O)[C@@H]2[C@@]2(C)C=CC(=O)C=C12,9891055,474.5,8,3,2.2,0,138,7,1,,76958249,,,
NC[C@H]1O[C@H](O[C@@H]2[C@@H](N)C[C@@H](N)[C@H](OC3O[C@H](CO)[C@@H](O)[C@H](N)[C@H]3O)[C@H]2O)[C@H](O)[C@@H](O)[C@@H]1O KANAMYCIN,9893710,484.5,15,11,-6.9,0,283,6,0,,76958323,,,
C[C@@]12C=CC(=O)C=C2CCC2C3CC(=C)[C@](O)(C(=O)CO)[C@@]3(C)C[C@H](O)C21,9907506,372.5,5,3,1.6,0,94.8,2,1,,76958916,,,
CN1CC[C@]2(C)C1N(C)c1ccc(cc21)OC(=O)N1CCc2ccccc2C1,9907742,377.5,4,0,2.5,0,36,2,1,,76958939,,,
CCCN1C[C@H](C[C@@H]2Cc3c(cccc3CC21)O)NS(=O)(=O)N(CC)CC,9908699,395.6,6,2,3.1,0,81.3,7,1,,76959542,,,
C[C@@]12Cc3cnn(c3C=C2CC[C@@H]2[C@@H]1CC[C@@]1(C)[C@H]2CC[C@@]1(O)C#C)c1ccc(cc1)F,9910575,430.6,3,1,5.4,0,38,2,1,,76959585,,,
C[C@@H]1C[C@H]2C3C[C@H](F)C4=CC(=O)C=C[C@]4(C)[C@H]3[C@@H](O)C[C@]2(C)[C@@]1(O)C(=O)COC(C)=O,9910783,434.5,7,2,2.5,0,101,4,1,,76959911,,,
CCC[C@@H]1C[C@H](N(C)C1)C(=O)NC(C(C)O)[C@H]1O[C@H](SC)[C@H](O)[C@@H](O)[C@H]1O LINCOMYCIN,9911258,406.5,8,5,0.2,0,148,7,0,,76959954,,,
CCOC(=O)CC(O)CC(O)\C=C\C1=C(c2ccc(cc2)F)c2ccccc2OC21CCCC2,9912369,466.5,6,2,3.9,0,76,9,1,,76959959,,,
CC[C@H]1OC(=O)[C@H](C)[C@@H](O[C@H]2C[C@@](C)(OC)[C@@H](O)[C@H](C)O2)[C@H](C)[C@@H](O[C@@H]2O[C@H](C)C[C@@H]([C@H]2O)N(C)C)[C@](C)(O)C[C@@H](C)C(=O)[C@H](C)[C@@H](O)[C@H]1C BERYTHROMYCIN,9918244,717.9,13,4,3.9,0,174,7,0,,76960080,,,
COc1ccc2c3c1O[C@H]1[C@@H](O)C=C[C@H]4[C@@H](C2)NCC[C@]143,9925873,285.34,4,2,0.7,0,50.7,1,1,,76960129,,,
COCOC(=O)[C@@H]1N2[C@H](SC1(C)C)[C@H](N1C(=O)C(NC1(C)C)c1ccc(cc1)O)C2=O SARMOXICILLIN,9933415,449.5,8,2,1.6,0,134,6,0,,76960152,,,
CC1(C)O[C@@H]2C[C@H]3C4C[C@H](F)C5=CC(=O)C=C[C@]5(C)[C@@]4(Cl)[C@@H](Cl)C[C@]3(C)[C@@]2(O1)C(=O)CF,9935247,489.4,6,0,5,0,52.6,2,1,,76960176,,,
CCC(=O)O[C@@]1([C@H](C)C[C@H]2[C@@H]3C[C@H](F)C4=CC(=O)C=C[C@]4(C)[C@@]3(F)[C@@H](O)C[C@@]21C)C(=O)SCCl,9936383,517,8,1,4.2,0,106,6,1,,76960270,,,
CN[C@H]1[C@@H](O)C(OC[C@]1(C)O)O[C@@H]1[C@@H](O)[C@H](OC2O[C@H](CN)[C@@H](O)[C@H](O)[C@H]2O)[C@@H](N)C[C@@H]1NC(=O)C(O)CN ISEPAMYCIN,9939625,569.6,16,12,-6.9,0,298,9,0,,76961008,,,
CNc1cc(c(cc1Cl)C(=O)N[C@H]1CCN(Cc2ccccc2)[C@H]1C)OC,9952220,387.9,4,2,3.9,0,53.6,6,1,,76961026,,,
CCCCCC1CN[C@@H](C1)C(=O)NC(C(C)Cl)[C@H]1O[C@H](SC)[C@H](O)[C@@H](O)[C@H]1O MIRINCAMYCIN,9954854,439,7,5,2.7,0,136,9,0,,76961249,,,
NCC[C@H](O)C(=O)N[C@@H]1C[C@H](N)[C@@H](OC2O[C@H](CN)[C@@H](O)[C@H](O)[C@H]2O)[C@H](O)[C@H]1OC1O[C@H](CO)[C@@H](O)[C@H](N)[C@H]1O AMIKACIN,9960048,585.6,17,13,-7.9,0,332,10,0,,76961363,,,
Clc1ccc(cc1)C(OCCN1CCOCC1)c1ccccc1,9973981,331.8,3,0,3.6,0,21.7,6,1,,76961370,,,
C[C@H]1C[C@H]2C3C[C@H](F)C4=CC(=O)C=C[C@]4(C)[C@@]3(F)[C@@H](O)C[C@]2(C)[C@@]1(O)C(=O)CO,9978916,410.5,7,3,1.9,0,94.8,2,1,,76961485,,,
C[C@@]12C[C@H](O)[C@@]3(F)C(C[C@H](F)C4=CC(=O)C=C[C@@]43C)C2C[C@@H](O)[C@]1(O)C(=O)CO,9979045,412.4,8,4,1.1,0,115,2,1,,76962052,,,
C[C@@]12C[C@H](Cl)[C@@]3(Cl)C(CCC4=CC(=O)C=C[C@@]43C)C2CC[C@]1(O)C(=O)CO,9979097,413.3,4,2,3,0,74.6,2,1,,76962272,,,
CC(C)C[C@@H](OC(=O)c1occc1)C(=O)N[C@H]1[C@H]2SC(C)(C)[C@@H](N2C1=O)C(O)=O FURBUCILLIN,9979762,424.5,8,2,2.7,0,151,8,0,,76962334,,,
CC1=C(N2[C@H](SC1)[C@H](NC(=O)C(N)c1cccc(c1)NS(C)(=O)=O)C2=O)C(O)=O CEFSUMIDE,9980664,440.5,9,4,-0.4,0,193,6,0,,76962572,,,
Fc1ccc(cc1)C1CCN(CC1COc1ccc2c(c1)OCO2)CC(=O)c1ccc(cc1)F,9981949,465.5,7,0,5.5,0,48,7,1,,76962711,,,
C[C@@H]1C[C@H]2C3C[C@H](F)C4=CC(=O)C=C[C@]4(C)[C@@]3(Cl)[C@@H](O)C[C@]2(C)[C@H]1C(=O)COC(=O)C(C)(C)C,9983236,495,6,1,4.5,0,80.7,5,1,,76962878,,,
CC1(C)N[C@@H](C(=O)N1[C@H]1[C@H]2SC(C)(C)[C@@H](N2C1=O)C(O)=O)c1ccc(cc1)O OXETACILLIN,10001337,405.5,7,3,-1,0,136,3,0,,76962996,,,
C[C@H]1O[C@@H](C[C@@H](N)[C@H]1O)O[C@H]1C[C@@](O)(Cc2c(c3c(c(c21)O)C(=O)c1ccccc1C3=O)O)C(C)=O,10006064,497.5,10,5,1.9,0,177,3,0,,76963478,,,
CC[C@H](NC(=O)[C@@H]1CCCN1C(=O)[C@@H](Cc1ccccc1)NC(=O)[C@H](CC(C)C)NC(=O)[C@H](CCCN)NC(=O)[C@H](CC)NC(=O)[C@@H]1CCCN1C(=O)[C@@H](Cc1ccccc1)NC(=O)[C@@H](N)CC(C)C)C(=O)N[C@@H](CCCN)C=O GRAMICIDIN-S-3,10011466,1115.4,13,10,3.2,0,339,33,0,,76963783,,,
C1CC2=NC3=CC=CCC3=C2C(Cc2ccccc2)N1,10015587,262.3,2,1,2.2,0,24.4,2,1,,76964001,,,
C[C@@]12C=CC(=O)C=C2C(=CC2[C@@H]3CC[C@](O)(C(=O)CO)[C@@]3(C)C[C@H](O)[C@@H]21)Cl,10023463,392.9,5,3,1.9,0,94.8,2,1,,76964573,,,
CC(=O)OCC(=O)[C@@]1(O)CC[C@H]2C3CCC4=CC(=O)CC[C@]4(C)[C@H]3C(=O)C[C@@]21C,10024054,402.5,6,1,2.1,0,97.7,4,1,,76965044,,,
CC(=O)OCC(=O)[C@@]1(O)CCC2C3C[C@H](Cl)C4=CC(=O)C=C[C@]4(C)C3C(=O)C[C@@]21C,10025958,434.9,6,1,1.5,0,97.7,4,1,,76965099,,,
CNC(=O)CCN1CCN(CC\C=C2\c3ccccc3Sc3ccc(cc\23)Cl)CC1,10026342,442,4,1,4.2,0,60.9,6,1,,76965185,,,
CCCCOC(=O)C(=O)[C@H]1[C@H](C)CC2C3C[C@H](F)C4=CC(=O)C=C[C@]4(C)C3[C@@H](O)C[C@@]21C,10026592,446.6,6,1,4.3,0,80.7,6,1,,76965255,,,
CCCCCC(=O)OCC(=O)[C@H]1[C@H](C)CC2C3C[C@H](F)C4=CC(=O)C=C[C@]4(C)C3[C@@H](O)C[C@@]21C,10027877,474.6,6,1,4.9,0,80.7,8,1,,76965934,,,
CNC(=O)C[C@H](N)C(=O)N[C@@H](C(=O)N[C@H]1[C@H]2SC(C)(C)[C@@H](N2C1=O)C(O)=O)c1ccc(cc1)O ASPOXICILLIN,10028656,493.5,9,6,-3.4,0,217,8,0,,76966022,,,
CCOC(=O)O[C@@H]1[C@H](C[C@@H](C)O[C@H]1O[C@@H]1[C@@H](C)[C@H](O[C@H]2C[C@@](C)(OC)[C@@H](O)[C@H](C)O2)[C@@H](C)C(=O)O[C@H](CC)[C@@](C)(O)[C@H](O)[C@@H](C)C(=O)[C@H](C)C[C@@]1(C)O)N(C)C ERYTHROMYCIN-ETHYLCARBONATE,10033317,806,16,4,4,0,209,11,0,,76966633,,,
CCN(CC)C(=O)[C@@H]1C2CC(C=C2)[C@H]1C(=O)N(CC)CC,10040011,292.4,2,0,1.7,0,40.6,6,1,,76967235,,,
CSCCC(NC(C)=O)C(=O)Oc1ccc(cc1)NC(C)=O,10041933,324.4,5,2,1.2,0,110,8,1,,76967351,,,
CC1(C)S[C@@H]2[C@H](NC(=O)CCCC(N)C(O)=O)C(=O)N2[C@H]1C(O)=O ADICILLIN,10044005,359.4,8,4,-2.5,0,175,7,0,,76967736,,,
C[C@H]1C[C@H]2C3CCC4=CC(=O)C=C[C@]4(C)[C@@]3(F)C(=O)C[C@]2(C)[C@@]1(O)C(=O)CCl,10047084,408.9,5,1,2.6,0,71.4,2,1,,76967739,,,
C[C@H]1OC2(CCCC[C@H]2Oc2cccc(c2)Cl)NC1=O,10063117,295.76,3,1,3.1,0,47.6,2,1,,76967986,,,
CC[C@H](O)C(C[C@@H](C)N(C)C)(c1ccccc1)c1ccccc1,10064061,311.5,2,1,3.7,0,23.5,7,1,,76968348,,,
COC1=C(N2[C@H](SC1)[C@H](NC(=O)[C@H](N)C1C=CCC=C1)C2=O)C(O)=O CEFROXADINE,10067402,365.4,7,3,-2,0,147,5,0,,76968492,,,
CCC(=O)N(c1ccccc1)[C@]1(CCN(CCc2ccccc2)C[C@H]1C)C(=O)OC,10070040,408.5,4,0,4.2,0,49.8,8,1,,76968506,,,
CCC[C@](C)(O)C1C[C@]23C=C[C@]1(OC)[C@@H]1Oc4c(ccc5c4[C@@]13CCN(C)[C@@H]2C5)O,10070219,411.5,5,2,3.1,0,62.2,4,1,,76968549,,,
CC(=O)[C@H]1CC[C@H]2[C@@H]3CC=C4C[C@H](CC[C@]4(C)[C@H]3CC[C@@]21C)OC(=O)CCC(O)=O,10070529,416.5,5,1,4.2,0,80.7,6,1,,76968557,,,
CC(=O)OCC(=O)[C@]12N=C(C)O[C@@H]2C[C@H]2[C@@H]3CCC4=CC(=O)C=C[C@]4(C)[C@@]3(F)[C@@H](O)C[C@@]21C,10072906,459.5,8,1,2.7,0,102,4,1,,76968642,,,
CCC(=O)O[C@@]1([C@@H](C)CC2C3C[C@H](F)C4=CC(=O)C=C[C@]4(C)[C@@]3(F)[C@@H](O)C[C@@]21C)C(=O)CCl,10074089,485,7,1,3.7,0,80.7,5,1,,76968710,,,
CC(=O)OCC(=O)[C@]12OC(C)(C)O[C@@H]2CC2C3CC(=C4C=C(CC[C@]4(C)[C@@]3(F)[C@@H](O)C[C@@]21C)OCCCl)C=O,10076711,569.1,9,1,3.8,0,108,8,1,,76968993,,,
COc1cc(cc(c1O)OC)[C@H]1[C@@H]2[C@H](COC2=O)[C@H](O[C@@H]2O[C@@H]3CO[C@H](C)O[C@H]3[C@H](O)[C@H]2O)c2cc3c(cc12)OCO3,10077076,588.6,13,3,0.6,0,161,5,0,,76969122,,,
COc1ccc2c3c1O[C@H]1C(=CC[C@H]4[C@@H](C2)N(C)CCC413)OC(C)=O,10088696,341.4,5,0,2.4,0,48,3,1,,76969905,,,
C[C@@]12CCC(=O)C=C2CC[C@H]2C3CC[C@H](C(=O)CO)C3(C[C@H](O)C21)C=O,10089926,360.4,5,2,1.1,0,91.7,3,0,,76970126,,,
CN1CCN(CC1)C1=Cc2cc(ccc2/C(=C/C#N)/c2ccccc12)Cl,10090005,361.9,3,0,4.1,0,30.3,1,1,,76970760,,,
C[C@@]12CCC(=O)C=C2C=CC2C3CC(=C)[C@](O)(C(=O)CO)[C@@]3(C)C[C@H](O)C21,10090679,372.5,5,3,1.4,0,94.8,2,1,,76970791,,,
OCCC1CCC(CC\C=C2/c3ccccc3Sc3ccc(cc/23)Cl)CC1,10092317,399,2,1,7.8,0,45.5,5,1,,76970908,,,
CO[C@@]12CC[C@@]3(C[C@@H]1C(C)(C)O)[C@H]1Cc4ccc(c5c4[C@@]3(CCN1CC1CC1)[C@H]2O5)O,10093930,425.6,5,2,3.6,0,62.2,4,1,,76971254,,,
CSC(=O)[C@@]1(OC(C)=O)[C@@H](C)C[C@H]2[C@@H]3CCC4=CC(=O)C=C[C@]4(C)[C@@]3(F)[C@@H](O)C[C@@]21C,10095308,450.6,7,1,3.3,0,106,4,1,,76971559,,,
C[C@@H]1C[C@H]2C3C=C(C)C4=Cc5n(ncc5C[C@]4(C)[C@H]3[C@@H](O)C[C@]2(C)[C@@]1(O)C(=O)COC(C)=O)c1ccccc1,10098518,530.7,6,2,3.9,0,102,5,1,,76971631,,,
CN[C@H]1[C@@H](O)[C@H]2O[C@H](O[C@@H]3[C@@H](N)C[C@@H](N)[C@H](O)[C@H]3O)[C@H](N)CC2O[C@@H]1O[C@H]1O[C@H](CO)[C@@H](N)[C@H](O)[C@H]1O APRAMYCIN,10098771,539.6,16,11,-7,0,284,6,0,,76971675,,,
CC(C)CCC[C@@H](C)[C@H]1CCC2C3C[C@@H](Br)[C@@]4(Br)C[C@H](CC[C@]4(C)C3CC[C@]12C)OC(C)=O,10099900,588.5,2,0,10.4,0,26.3,7,1,,76971806,,,
O=C1CCNC1C(=O)N[C@H]1CC1c1ccccc1,10105879,244.29,3,2,0.8,0,58.2,3,1,,76972535,,,
CN(C)CC(O)C(c1ccccc1)c1cccc(c1)Cl,10108256,289.8,2,1,3.7,0,23.5,5,1,,76972725,,,
CC1(C)S[C@@H]2[C@H](NC(=O)CSc3ccccc3)C(=O)N2[C@H]1C(O)=O TIFENCILLIN,10248346,366.5,6,2,2.6,0,137,5,0,,86309214,,,
CC(=O)OCOC(=O)[C@@H]1N2[C@H](SC1(C)C)[C@H](NC(=O)Cc1ccccc1)C2=O PENAMECILLIN,10250769,406.5,7,1,2.1,0,127,8,0,,86325518,,,
CCCC(C)(O)[C@H]1CC23C=CC1(OC)[C@@H]1Oc4c(ccc5c4C13CCN(CC=C)C2C5)O,10252552,437.6,5,2,3.8,0,62.2,6,1,,86340311,,,
C[C@@]12C[C@H](O)[C@@]3(F)C(C[C@@H](F)C4=CC(=O)C(=CC43C)Br)[C@@H]2CC[C@]1(O)C(=O)CO,10254341,475.3,7,3,2.2,0,94.8,2,1,,87737353,,,
COC(OC)C(=O)[C@]12OC(C)(C)O[C@@H]2CC2C3C[C@H](F)C4=CC(=O)C=C[C@]4(C)[C@@]3(F)[C@@H](O)C[C@@]21C,10255272,496.5,9,1,3,0,91.3,4,1,,91208859,,,
CO[C@]1(NC(=O)CSC[C@@H]([N+H3])C([O-])=O)[C@H]2SCC(=C(N2C1=O)C(O)=O)CSc1nnnn1C CEFMINOX,10256082,519.6,13,3,-3.3,0,283,10,0,,91435627,,,
CC(C)C[C@H](N)C(=O)N[C@@H](CCCN)C(=O)N[C@@H](C(C)C)C(=O)N[C@@H](CCCN)C(=O)N1CCC[C@H]1C(=O)N[C@H](Cc1ccccc1)C=O GRAMICIDIN-J2,10259075,686.9,9,7,-0.6,0,232,21,0,,91751467,,,
CN1C[C@@H](CC#N)C[C@H]2[C@H]1Cc1c[nH]c3cccc2c13,10264850,265.35,2,1,2.3,0,42.8,1,1,,91826974,,,
CO[C@H]1O[C@H]2O[C@@]3(CN4CCCCC4)[C@H](O)C[C@H](C2C)[C@@H]13,10266652,297.39,5,1,1.2,0,51.2,3,1,,92004557,,,
CC(=O)[C@@]1(O)CCC2C3CCC4=CC(=O)C=C[C@]4(C)C3[C@@H](O)C[C@@]21C,10315489,344.4,4,2,1.7,0,74.6,1,1,,92136292,,,
CN1CC[C@@]23[C@H]4Oc5c(ccc(c52)C[C@@H]1[C@]3(CCCCCN)C=CC4=O)O,10316960,368.5,5,2,2.6,0,75.8,5,1,,92136336,,,
C[C@@]12C=CC(=O)C=C2[C@@H](Cl)CC2C3CC[C@](O)(C(=O)CO)[C@@]3(C)CC(=O)C21,10318387,392.9,5,2,1.4,0,91.7,2,1,,92209173,,,
CC1(C)S[C@@H]2[C@H](NC(=O)C34CC5CC(CC(N)(C5)C3)C4)C(=O)N2[C@H]1C(O)=O AMANTOCILLIN,10318432,393.5,6,3,-0.9,0,138,3,0,,92209258,,,
Cc1cnn(c1C(=O)NC1C2SC(C)(C)C(N2C1=O)C(O)=O)c1c(cccc1Cl)Cl PRAZOCILLIN,10322427,469.3,6,2,3.2,0,130,4,0,,92222767,,,
CC1(C)O[C@@H]2C[C@H]3[C@@H]4C[C@H](F)C5=CC(=O)C=C[C@]5(C)[C@@]4(Cl)[C@@H](Cl)C[C@]3(C)[C@@]2(O1)C(=O)CCl,10323902,505.8,5,0,5.3,0,52.6,2,1,,92225650,,,
COc1ccc2c3c1OC1[C@@H](O)CCC4C(C2)N(C)CC[C@@]413,10335028,301.4,4,1,2.2,0,41.9,1,1,,92255340,,,
C[C@@H]1CC2C3C[C@H](F)C4=CC(=O)C=C[C@]4(C)C3[C@@H](O)C[C@]2(C)[C@H]1C(=O)CO,10339494,376.5,5,2,2.4,0,74.6,2,1,,92274373,,,
C[C@@H]1CC2C3C[C@H](F)C4=CC(=O)C=C[C@]4(C)C3[C@@H](O)C[C@]2(C)[C@H]1C(=O)C(O)=O,10340345,390.4,6,2,2.8,0,91.7,2,1,,92284856,,,
C[C@H]1C[C@H]2C3CCC4=CC(=O)C=C[C@]4(C)[C@@]3(F)[C@@H](O)C[C@]2(C)[C@@]1(O)C(=O)CCl,10341542,410.9,5,2,2.5,0,74.6,2,1,,92402343,,,
CN1CCN(CC1)C1=Nc2cc(ccc2Cc2nc(nn21)C)[I],10342163,422.27,4,0,2.4,0,49.6,1,1,,92402727,,,
C[C@@H]1C[C@H]2C3CC(F)(F)C4=CC(=O)C=C[C@]4(C)[C@@]3(F)[C@@H](O)C[C@]2(C)[C@@]1(O)C(=O)CO,10342523,428.4,8,3,2.1,0,94.8,2,1,,92529151,,,
CC1(C)O[C@@H]2CC3C4C[C@H](F)C5=CC(=O)C=C[C@]5(C)[C@@]4(Cl)[C@@H](Cl)C[C@]3(C)[C@@]2(O1)C(=O)CO,10345333,487.4,6,1,4,0,72.8,2,1,,92966960,,,
C[C@H]1C[C@H]2C3C[C@H](F)C4=CC(=O)C=C[C@]4(C)[C@@]3(F)[C@@H](O)C[C@]2(C)[C@@]1(OC(C)=O)C(=O)COC(C)=O,10345629,494.5,9,1,3,0,107,6,1,,93346908,,,
CCC[C@@H]1C[C@H](N(C)C1)C(=O)NC(C(C)Cl)[C@H]1O[C@H](SC)[C@H](OP(O)(O)=O)[C@@H](O)[C@H]1O CLINDAMYCIN-PHOSPHATE,10346039,505,10,5,-1.2,0,174,9,0,,93535490,,,
NC[C@H]1O[C@H](O[C@@H]2[C@@H](N)C[C@@H](N)[C@H](O)[C@H]2O[C@H]2O[C@@H](CO)[C@H](O[C@H]3O[C@@H](CN)[C@@H](O)[C@H](O)[C@H]3N)[C@@H]2O)[C@H](N)[C@@H](O)[C@@H]1O FRAMYCETIN,10348829,614.6,19,13,-9,0,353,9,0,,98045182,,,
Cc1ncc(c(n1)N)CN(C=O)\C(\C)=C1\CCOC(=O)S\1,10357917,308.36,7,1,0.8,0,124,3,1,,98047001,,,
CN(C)CC\C=C1\c2ccccc2CNc2cc(ccc\12)Cl,10358184,312.8,2,1,4.3,0,15.3,3,1,,98047639,,,
CC(=O)c1ccc(cc1)[C@@H](O)[C@@H](CO)NC(=O)C(Cl)Cl,10358610,320.16,4,3,0.6,0,86.6,6,1,,98078900,,,
CCCC(=O)OCC(=O)[C@]1(CC[C@H]2[C@@H]3CCC4=CC(=O)CC[C@]4(C)[C@H]3[C@@H](O)C[C@@]21C)OC(=O)CC,10368237,488.6,7,1,4.2,0,107,9,1,,98103550,,,
CC[C@@H]1NC(=O)[C@@H]2CCCN2C(=O)[C@@H](Cc2ccccc2)NC(=O)[C@H](CC(C)C)NC(=O)[C@H](CCCN)NC(=O)[C@@H](NC(=O)[C@@H]2CCCN2C(=O)[C@@H](Cc2ccccc2)NC(=O)[C@H](CC(C)C)NC(=O)[C@H](CCCN)NC1=O)C(C)C GRAMICIDIN-S-2,10374021,1127.4,12,10,4.2,0,326,16,0,,101592851,,,
COc1ccc2c(c1)\C(=C/CCN(C)C)\c1ccccc1O2,10379764,295.4,3,0,4,0,21.7,4,1,,101609257,,,
CC(C)N[C@@H]1C2CCC(CC2)[C@@]1(O)c1ccc(c(c1)Cl)Cl,10381819,328.3,2,2,4.1,0,32.3,3,1,,117072366,,,
C[C@@H]1C[C@H]2C3C[C@H](F)C4=CC(=O)C=C[C@]4(C)[C@@]3(F)[C@@H](O)C[C@]2(C)[C@H]1C(=O)CO,10385956,394.5,6,2,2.3,0,74.6,2,1,,121492153,,,
CO[C@H]1[C@@H](O)[C@H](N)[C@@H](O[C@H]2O[C@@H](CC[C@H]2N)C(C)N)[C@H](O)C1N(C)C(=O)CN ASTROMICIN,10386573,405.5,10,6,-4.4,0,193,6,0,,123132354,,,
CCC1(CC)O[C@@H]2C[C@H]3[C@@H]4CCC5=CC(=O)C=C[C@]5(C)[C@@]4(F)[C@@H](O)C[C@]3(C)[C@@]2(O1)C(=O)CO,10389615,462.5,7,2,3.6,0,93.1,4,1,,124300186,,,
CCN(CC)CC(=O)OCC(=O)[C@@]1(O)CCC2C3CCC4=CC(=O)CC[C@]4(C)C3[C@@H](O)C[C@@]21C,10390199,475.6,7,2,3.1,0,104,8,1,,124301152,,,
CC(=O)OCC(=O)[C@]12OC(C)(C)O[C@@H]2CC2C3C[C@H](F)C4=CC(=O)C=C[C@]4(C)C3[C@@H](O)C[C@@]21C,10390235,476.5,8,1,3.2,0,99.1,4,1,,124303682,,,
CC(=O)OCC(=O)[C@]12OC(C)(C)O[C@@H]2C[C@H]2C3CC(=C4C=C(CC[C@]4(C)[C@@]3(F)[C@@H](O)C[C@@]21C)OCCCl)C#N,10393142,566.1,9,1,4.1,0,115,7,1,,124355661,,,
NCC[C@@H](O)CN[C@@H]1C[C@H](N)[C@@H](O[C@H]2O[C@H](CN)[C@@H](O)[C@H](O)[C@H]2O)[C@H](O)[C@H]1O[C@H]1O[C@H](CO)[C@@H](O)[C@H](N)[C@H]1O BUTIKACIN,10393252,571.6,17,13,-7.6,0,315,11,0,,124524905,,,
CC(=O)NCCCC(NC(C)=O)C(O)=O,10398396,216.23,4,3,-1.7,0,95.5,6,1,,129359801,,,
C[C@@]12C[C@H](O)[C@@]3(F)C(CCC4=CC(=O)C=C[C@@]43C)C2CC(=C)[C@]1(O)C(=O)CO,10408064,390.4,6,3,1.5,0,94.8,2,1,,129360240,,,
C[C@@H]1C[C@H]2C3C[C@H](F)C4=CC(=O)C=C[C@]4(C)[C@@]3(Cl)[C@@H](F)C[C@]2(C)[C@H]1C(=O)CO,10409468,412.9,5,1,3.5,0,54.4,2,1,,129362826,,,
CC(=O)OCC(=O)[C@]12N=C(C)O[C@@H]2CC2C3CCC4=CC(=O)C=C[C@]4(C)C3[C@@H](O)C[C@@]21C,10411040,441.5,7,1,2,0,102,4,1,,131706004,,,
Cc1sc(nn1)SCC1=C(N2[C@H](SC1)[C@H](NC(=O)[C@H](N)c1ccc(cc1)O)C2=O)C(O)=O CEFAPAROLE,10413379,493.6,11,4,-2.5,0,238,7,0,,131707833,,,
CCCC(=O)O[C@@]1(CC[C@H]2C3C[C@H](F)C4=CC(=O)C=C[C@]4(C)[C@@]3(F)[C@@H](O)C[C@@]21C)C(=O)COC(C)=O,10413934,508.5,9,1,3.4,0,107,8,1,,135398513,,,
CC(=O)[C@H]1CCC2C3C[C@@H](O)C45C[C@H]5CC[C@]4(C)C3CC[C@@]21C,10425923,316.5,2,1,4.4,0,37.3,1,1,,135398559,,,
CC(O)C(=O)[C@@]1(O)CC[C@H]2[C@@H]3CCC4=CC(=O)C=C[C@]4(C)[C@@]3(F)[C@@H](O)C[C@@]21C,10430619,392.5,6,3,1.9,0,94.8,2,1,,135398658,,,
CCCC1O[C@H]2CC3C4CCC5=CC(=O)C=C[C@]5(C)C4[C@@H](O)C[C@]3(C)[C@@]2(O1)C(=O)CO,10432848,430.5,6,2,2.5,0,93.1,4,1,,135398737,,,
CC(=O)[C@H]1CCC2C3CC[C@@H]4C[C@H](O)CC[C@]4(C)C3C(=O)C[C@@]21C,10449458,332.5,3,1,3.2,0,54.4,1,1,,135398740,,,
C[C@@H]1CC2C3CCC4=CC(=O)C=C[C@]4(C)[C@@]3(F)[C@@H](O)C[C@]2(C)[C@@]1(C)C(=O)CO,10453006,390.5,5,2,2.7,0,74.6,2,1,,135398742,,,
C[C@@H](CN1CCOCC1)C(C(=O)N1CCCC1)(c1ccccc1)c1ccccc1,10453145,392.5,3,0,3.8,0,32.8,6,1,,135398745,,,
C[C@@H]1C[C@H]2C3CC(F)(F)C4=CC(=O)C=C[C@]4(C)[C@@]3(F)[C@@H](O)C[C@]2(C)[C@@]1(O)C(=O)COC(C)=O,10457419,470.5,9,2,3,0,101,4,1,,135398748,,,
CC1(C)S[C@H]2[C@@H](NC(=O)C(NC(=O)C(C)(C)Oc3ccc(cc3)Cl)c3ccccc3)C(=O)N2[C@@H]1C(O)=O FIBRACILLIN,10460097,546,7,3,3.8,0,150,8,0,,135401907,,,
CC(=O)OCC(=O)[C@]1(CC[C@H]2C3C[C@@H](F)C4=CC(=O)C(=CC4(C)[C@@]3(F)[C@@H](O)C[C@@]21C)Br)OC(C)=O,10460413,559.4,9,1,2.7,0,107,6,1,,135410917,,,
Clc1ccc2c(c1)\C(=C/C1CN3CCC1CC3)\c1ccccc1S2,10473294,353.9,2,0,5.5,0,28.5,1,1,,135412795,,,
C[C@@]12C[C@H](O)[C@H]3[C@@H](CCC(=O)C4C(=O)C=C[C@]34C)[C@@H]2CC[C@]1(O)C(=O)CO,10474664,376.4,6,3,1,0,112,2,1,,135413528,,,
COc1cccc2c1C(=O)c1c(c3c(c(c1C2=O)O)C[C@](O)(C[C@@H]3O)C(O)CO)O,10476988,416.4,9,6,1.7,0,165,3,0,,135413553,,,
CC1(C)O[C@@H]2CC3C4C[C@H](F)C5=CC(=O)C=C[C@]5(C)C4[C@@H](O)C[C@]3(C)[C@@]2(O1)C(=O)CO,10478048,434.5,7,2,2.5,0,93.1,2,1,,135415611,,,
CCC(=O)O[C@@]1([C@H](C)C[C@H]2[C@@H]3C[C@H](F)C4=CC(=O)C=C[C@]4(C)[C@@]3(F)[C@@H](O)C[C@@]21C)C(=O)SC,11317660,482.6,8,1,3.5,0,106,5,1,,135417435,,,
C[C@@H]1C[C@H]2C3C[C@H](F)C4=CC(=O)C=C[C@]4(C)[C@@]3(Cl)[C@@H](O)C[C@]2(C)[C@H]1C(=O)COC(C)=O,11648130,452.9,6,1,3.1,0,80.7,4,1,,135497698,,,
CCCCC(=O)O[C@@]1(CC[C@H]2[C@@H]3C[C@H](F)C4=CC(=O)C=C[C@]4(C)[C@H]3[C@@H](O)C[C@@]21C)C(=O)CO,11705312,462.5,7,2,3.7,0,101,7,1,,135564719,,,
CN1C(CO)CN=C(c2ccccc2Cl)c2cc(ccc21)Cl,11724484,335.2,3,1,3.8,0,35.8,2,1,,135564940,,,
C[C@H]1CC2C3CCC4=CC(=O)C=C[C@]4(C)[C@@]3(F)[C@@H](O)C[C@]2(C)[C@@]1(O)C(C)=O,11740260,376.5,5,2,2.4,0,74.6,1,1,,135564965,,,
CC(=O)[C@]12OC(C)(C)O[C@@H]2C[C@H]2[C@@H]3CCC4=CC(=O)CC[C@]4(C)[C@H]3CC[C@@]21C,11740874,386.5,4,0,3.5,0,52.6,1,1,,135564991,,,
C[C@@]12C[C@H](O)[C@@]3(F)[C@@H](CCC4=CC(=O)C=C[C@@]43C)[C@@H]2C[C@H]2OC(O[C@]21C(=O)CO)C=C,11743529,432.5,7,2,2.6,0,93.1,3,1,,135565199,,,
CO[C@H]1[C@@H](C[C@H]2CN3CCc4c([nH]c5ccccc45)[C@H]3C[C@@H]2[C@@H]1C(=O)OC)OC(=O)c1cc(c(c(c1)OC)OC)OC,11757905,578.7,9,1,4.1,0,109,9,1,,136259320,,,
OC(=O)c1[nH]cnc1C(=O)N[C@@H](C(=O)N[C@H]1[C@H]2SCC(=C(N2C1=O)C([O-])=O)C[n+]1ccc(cc1)CCS(O)(=O)=O)c1ccccc1 CEFPIMIZOLE,11765031,670.7,12,5,0.5,0,277,11,0,,136847402,,,
C[C@@H]1C[C@H]2C3C=C(C)C4=Cc5n(ncc5C[C@]4(C)[C@H]3[C@@H](O)C[C@]2(C)[C@@]1(O)C(=O)COC(=O)c1cccc(c1)S(O)(=O)=O)c1ccccc1,11765061,672.8,9,3,4.3,0,164,7,1,,138113596,,,
O=C1CCC2=CCC(=O)N12,11819136,137.14,2,0,-0.4,0,37.4,0,1,,138464055,,,
CC(=O)[C@]12OC(C)(C)O[C@@H]2C[C@H]2[C@@H]3CCC4=CC(=O)C=C[C@]4(C)[C@@]3(F)[C@@H](O)C[C@@]21C,11954034,418.5,6,1,3.2,0,72.8,1,1,,139269550,,,
C[C@@]12CCCCCC(Cc3ccc(cc31)O)[C@@H]2N,12293904,245.36,2,2,3.7,0,46.2,0,1,,139912281,,,
CNC1CCCC(=O)C1c1ccccc1Cl,13566109,237.72,2,1,2.4,0,29.1,2,1,,141677742,,,
CN1CCc2cc(c(cc2C(C1)c1cccc2c1OCC2)O)Cl,14958952,329.8,3,1,4,0,32.7,1,1,,142939784,,,
CSC(=O)[C@@]1(O)[C@@H](C)C[C@H]2[C@@H]3CCC4=CC(=O)C=C[C@]4(C)[C@@]3(F)[C@@H](O)C[C@@]21C,15986965,408.5,6,2,2.8,0,99.9,2,1,,153052542,,,
CC(C)C[C@@H](NC(=O)[C@H](C)NC(=O)CNC(=O)[C@@H](NC=O)C(C)C)C(=O)N[C@@H](C)C(=O)N[C@H](C(C)C)C(=O)N[C@@H](C(C)C)C(=O)N[C@H](C(C)C)C(=O)N[C@@H](Cc1c[nH]c2ccccc12)C(=O)N[C@H](CC(C)C)C(=O)N[C@@H](Cc1c[nH]c2ccccc12)C(=O)N[C@H](CC(C)C)C(=O)N[C@@H](Cc1c[nH]c2ccccc12)C(=O)N[C@H](CC(C)C)C(=O)N[C@@H](Cc1c[nH]c2ccccc12)C(=O)NCCO GRAMICIDIN-A,16132269,1882.3,17,21,10.7,0,549,52,0,,154456774,,,
COC(=O)C1NC(=O)[C@H]2NC(=O)[C@H](NC(=O)[C@@H]3NC(=O)[C@H]4NC(=O)[C@H](NC(=O)[C@@H](N)c5ccc(c(c5)Oc5cc4cc(c5C)O)O)[C@H](O)c4ccc(c(c4)Cl)Oc4cc3cc(c4O)Oc3ccc(cc3Cl)[C@H]2O[C@@H]2O[C@H](CO)[C@@H](O)[C@H](O)[C@H]2NC(C)=O)c2ccc(c(c2)c2c(cc(cc21)O)O)O TEICOPLANIN,16135637,1446.2,25,18,1.9,0,505,6,0,,,,,
CC(C)CC(NC(=O)C(C)NC(=O)CNC(=O)C(NC=O)C(C)C)C(=O)NC(C)C(=O)NC(C(C)C)C(=O)NC(C(C)C)C(=O)NC(C(C)C)C(=O)NC(Cc1c[nH]c2ccccc12)C(=O)NC(CC(C)C)C(=O)NC(Cc1ccccc1)C(=O)NC(CC(C)C)C(=O)NC(Cc1c[nH]c2ccccc12)C(=O)NC(CC(C)C)C(=O)NC(Cc1c[nH]c2ccccc12)C(=O)NCCO,16152992,1843.3,17,20,10.5,0,533,52,0,,,,,
CN(C)CCOC1(C[C@H]2CC[C@]1(C)C2(C)C)Cc1ccccc1,20055385,315.5,2,0,4.9,0,12.5,6,1,,,,,
CCC(=O)[C@@]1(O)CC[C@H]2[C@@H]3CCC4=CC(=O)CC[C@]4(C)[C@H]3[C@@H](O)C[C@@]21C,20055396,360.5,4,2,2.2,0,74.6,2,1,,,,,
FC(F)(F)c1cccc(c1)N1CCN(CC1)CCc1nnc2n1C[C@@H]1CCC[C@@H]12,20055414,405.5,7,0,3.3,0,37.2,4,1,,,,,
CSC(=O)[C@@]1(O)[C@H](C)C[C@H]2[C@@H]3C[C@H](F)C4=CC(=O)C=C[C@]4(C)[C@@]3(F)[C@@H](O)C[C@@]21C,23254171,426.5,7,2,2.8,0,99.9,2,1,,,,,
CO[C@@H]1C[C@@H](CC[C@H]1O)\C=C(/C)\[C@H]1OC(=O)[C@@H]2CCCCN2C(=O)C(=O)[C@]2(O)O[C@H]([C@H](C[C@@H](C)CC(=C[C@@H](CC=C)C(=O)C[C@H](O)[C@H]1C)C)OC)[C@H](C[C@H]2C)OC,23581796,804,12,3,2.7,0,178,7,0,,,,,
C[C@@]1(Cn2ccnn2)[C@H](N2[C@H](CC2=O)S1(=O)=O)C(O)=O TAZOBACTAM,28125511,300.29,7,1,-2,0,131,3,0,,,,,
Cc1ccccc1N1C(=Nc2ccccc2C1=O)\C=C/c1ccccn1,36791339,339.4,3,0,3.6,0,45.6,3,1,,,,,
CC1(C)S[C@@H]2[C@H](NC(=O)C(/N=C/c3occc3)c3ccc(cc3)O)C(=O)N2[C@H]1C(O)=O FUMOXICILLIN,42635828,443.5,8,3,2.1,0,158,6,0,,,,,
C[C@@H]1C[C@H]2[C@@H]3C[C@H](F)C4=CC(=O)C=C[C@]4(C)[C@@]3(F)[C@@H](O)C[C@]2(C)[C@@]1(O)C(=O)SCCl,44481798,461,7,2,3.4,0,99.9,3,1,,,,,
OC[C@H](O)[C@H]1OC(=O)C(=C1O)O,54670067,176.12,6,4,-1.6,0,107,2,1,,,,,
C[C@@H]1[C@H]2[C@H](O)[C@H]3[C@H](N(C)C)C(=C(C(N)=O)C(=O)[C@@]3(O)C(=C2C(=O)c2c(cccc12)O)O)O DOXYCYCLINE,54671203,444.4,9,6,-0.7,0,182,2,0,,,,,
CN(C)[C@H]1[C@@H]2C[C@H]3C(=C(O)[C@]2(O)C(=O)C(=C1O)C(N)=O)C(=O)c1c(cccc1[C@@]3(C)O)O TETRACYCLINE,54675776,444.4,9,6,-2,0,182,2,0,,,,,
CN(C)[C@H]1[C@@H]2C[C@H]3C(=C(O)[C@]2(O)C(=O)C(=C1O)C(N)=O)C(=O)c1c(ccc(c1[C@@]3(C)O)Cl)O CHLORTETRACYCLINE,54675777,478.9,9,6,-1.3,0,182,2,0,,,,,
CN(C)[C@H]1[C@@H]2C[C@@H]3Cc4c(ccc(c4C(=O)C3=C(O)[C@]2(O)C(=O)C(=C1O)C(N)=O)O)N(C)C MINOCYCLINE,54675783,457.5,9,5,-0.6,0,165,3,0,,,,,
CN(C)[C@H]1[C@@H]2[C@@H](O)[C@@H]3C(=C)c4cccc(c4C(=O)C3=C(O)[C@]2(O)C(=O)C(=C1O)C(N)=O)O METACYCLINE,54675785,442.4,9,6,0.3,0,182,2,0,,,,,
CN(C)[C@H]1[C@@H]2[C@@H](O)[C@@H]3C(=C)c4c(ccc(c4C(=O)C3=C(O)[C@]2(O)C(=O)C(=C1O)C(N)=O)O)Cl MECLOCYCLINE,54676539,476.9,9,6,0.9,0,182,2,0,,,,,
CN(C)[C@H]1[C@@H]2C[C@H]3C(=C(O)[C@]2(O)C(=O)C(=C1O)C(=O)NCN(C)CCN(C)CNC(=O)C1=C(O)[C@H]([C@@H]2C[C@H]4C(=C(O)[C@]2(O)C1=O)C(=O)c1c(cccc1[C@@]4(C)O)O)N(C)C)C(=O)c1c(cccc1[C@@]3(C)O)O ETAMOCYCLINE,54680278,1001,20,12,1.4,0,342,11,0,,,,,
CN(C)[C@H]1[C@@H]2C[C@H]3C(=C(O)[C@]2(O)C(=O)C(=C1O)C(=O)NCO)C(=O)c1c(ccc(c1[C@@]3(C)O)Cl)O CLOMOCYCLINE,54680675,508.9,10,7,-1.5,0,188,3,0,,,,,
CN(C)[C@H]1[C@@H]2C[C@@H]3[C@H](O)c4c(ccc(c4C(=O)C3=C(O)[C@]2(O)C(=O)C(=C1O)C(N)=O)O)Cl DEMECLOCYCLINE,54680690,464.9,9,6,0.7,0,182,2,0,,,,,
CN(C)[C@H]1[C@@H]2C[C@@H]3[C@H](O)c4cccc(c4C(=O)C3=C(O)[C@]2(O)C(=O)C(=C1O)C(N)=O)O DEMECYCLINE,54682469,430.4,9,6,0.1,0,182,2,0,,,,,
CN(C)[C@H]1[C@@H]2C[C@H]3C(=C(O)[C@]2(O)C(=O)C(=C1O)C(=O)NCN1CCCC1)C(=O)c1c(cccc1[C@@]3(C)O)O ROLITETRACYCLINE,54682938,527.6,10,6,-0.9,0,171,4,0,,,,,
CN(C)[C@H]1[C@@H]2C[C@H]3C(=C(O)[C@]2(O)C(=O)C(=C1O)C(=O)NCN1CCN(CCO)CC1)C(=O)c1c(cccc1[C@@]3(C)O)O PIPACYCLINE,54686184,586.6,12,7,-2.3,0,194,6,0,,,,,
CO[C@@H]1[C@@H](OC(N)=O)[C@@H](O)[C@@H](Oc2ccc3c(c2C)OC(=O)C(=C3O)NC(=O)c2ccc(c(c2)CC=C(C)C)O)OC1(C)C NOVOBIOCIN,54686913,612.6,11,5,3.3,0,196,9,0,,,,,
CN(C)[C@H]1[C@@H]2C[C@H]3C(=C(O)[C@]2(O)C(=O)C(=C1O)C(=O)NCN1CCN(CC1)\C(=N)\N/C(/N)=N)C(=O)c1c(cccc1[C@@]3(C)O)O GUAMECYCLINE,54688683,626.7,11,9,-3.1,0,262,6,0,,,,,
CN(C)[C@H]1[C@@H]2C[C@@H]3Cc4ccc(c(c4C(=O)C3=C(O)[C@]2(O)C(=O)C(=C1O)C(N)=O)O)N AMICYCLINE,54688693,429.4,9,6,0.5,0,187,2,0,,,,,
CN(C)[C@H]1[C@@H]2C[C@@H]3Cc4c(ccc(c4C(=O)C3=C(O)[C@]2(O)C(=O)C(=C1O)C(N)=O)O)[N+]([O-])=O NITROCYCLINE,54688694,459.4,10,5,-0.9,0,207,2,0,,,,,
CN(C)[C@H]1[C@@H]2C[C@H]3C(=C(O)[C@]2(O)C(=O)C(=C1O)C(=O)NCN1CCCC(C1)C(O)=O)C(=O)c1c(cccc1[C@@]3(C)O)O PECOCYCLINE,54688697,585.6,12,7,-3.7,0,208,5,0,,,,,
CN(C)[C@H]1[C@@H]2[C@@H](O)C3C(=C(O)[C@]2(O)C(=O)C(=C1O)C(N)=O)C(=O)c1c(cccc1[C@@]3(C)O)O OXYTETRACYCLINE,54692920,460.4,10,7,-1.6,0,202,2,0,,,,,
CN(C)[C@H]1[C@@H]2C[C@H]3C(=C(O)[C@]2(O)C(=O)C(=C1O)C(=O)NC(N1CCN(CCO)CC1)C(O)=O)C(=O)c1c(cccc1[C@@]3(C)O)O APICYCLINE,54693001,630.6,14,8,-4.9,0,232,7,0,,,,,
CN(C)[C@H]1[C@@H]2C[C@H]3C(=C(O)[C@]2(O)C(=O)C(=C1O)C(=O)NCNCCCCC(N)C(O)=O)C(=O)c1c(cccc1[C@@]3(C)O)O LYMECYCLINE,54714462,602.6,13,9,-4.4,0,243,10,0,,,,,
CN(C)C1C2CC3C(=C(O)[C@]2(O)C(=O)C(=C1O)C(=O)NCNC(C(=O)NC1C2SC(C)(C)C(N2C1=O)C(O)=O)c1ccccc1)C(=O)c1c(cccc1C3(C)O)O PENIMOCYCLINE,54715367,805.9,15,9,-0.7,0,292,9,0,,,,,
CCCCCC(=O)CCC1(C)[C@@H]2Cc3ccc(cc3[C@@]1(C)CCN2C)O,70689351,357.5,3,1,5,0,40.5,7,1,,,,,
Nc1sc(cn1)/C(=N/OC1CCNC1=O)/C(=O)N[C@H]1[C@H]2SCC(=C(N2C1=O)C([O-])=O)C[n+]1ccccc1 CEFEMPIDONE,71463603,543.6,11,3,0.9,0,237,7,0,,,,,
CO\N=C(/C(=O)N[C@H]1[C@H]2SCC(=C(N2C1=O)C(O)=O)\C=C/c1scnc1C)\c1csc(n1)N CEFDITOREN,72543801,506.6,12,3,0.7,0,242,7,0,,,,,
CC[C@]1(O)C[C@H]2CN(CCc3c([nH]c4ccccc43)C(C2)(C(=O)OC)c2cc3c(cc2OC)N(C)[C@H]2[C@](O)([C@H](OC(C)=O)[C@]4(CC)C=CCN5CCC23[C@@H]54)C(=O)OC)C1,73896882,811,12,3,3.7,0,154,10,0,,,,,
NC1=Nc2n(cnc2C(=O)N1)COCCO,135398513,225.2,5,3,-1.9,0,115,4,1,,,,,
NC1=NC(=O)c2nc(cnc2N1)CNc1ccc(cc1)C(=O)N[C@@H](CCC(O)=O)C(O)=O,135398658,441.4,10,6,-1.1,0,209,9,1,,,,,
CN1CCN(CC1)C1=Nc2cc(ccc2Nc2ccccc12)Cl,135398737,326.8,3,1,3.1,0,30.9,1,1,,,,,
NC1=Nc2n(cnc2C(=O)N1)COC(CO)CO,135398740,255.23,6,4,-2.5,0,135,5,1,,,,,
CC(C)[C@H](N)C(=O)OCCOCn1cnc2c1N=C(N)NC2=O,135398742,324.34,7,3,-0.9,0,147,8,1,,,,,
CN1CCN(CC1)C1=Nc2ccccc2Nc2sc(cc12)C,135398745,312.4,4,1,2.9,0,59.1,1,1,,,,,
NC1=Nc2n(cnc2C(=O)N1)CCC(CO)CO,135398748,253.26,5,4,-1.9,0,126,5,1,,,,,
CCNC1=Nc2ccc(cc2C(S1)c1ccccc1)Cl,135407187,302.8,2,1,4.4,0,49.7,2,1,,,,,
NC1=Nc2n(cnc2C(=O)N1)CC[C@@H](O)CO,135410214,239.23,5,4,-2.1,0,126,4,1,,,,,
Cn1nc(c2c1NCCN=C2c1cccc(c1)Cl)C,135410917,274.75,3,1,2.7,0,42.2,1,1,,,,,
O=C1CN=C(c2ccccc2)c2c(sc3c2CCCC3)N1,135412795,296.4,3,1,3.7,0,69.7,1,1,,,,,
CN1CCN(CC1)C1=Nc2cc(ccc2Nc2sc(cc12)C)F,135413528,330.4,5,1,3,0,59.1,1,1,,,,,
CC(C)[C@H](N)C(=O)OCC(CO)OCn1cnc2c1N=C(N)NC2=O,135413535,354.36,8,4,-1.5,0,167,9,1,,,,,
CCNC1=Nc2ccc(cc2C(C)(O1)c1ccccc1)Cl,135413553,300.8,2,1,4.1,0,33.6,2,1,,,,,
CCNC1=NC(=O)C(O1)c1ccccc1,135436543,204.22,3,1,1.6,0,50.7,2,1,,,,,
O=C1N=C(NC2CC2)OC1c1ccccc1,135438121,216.24,3,1,1.7,0,50.7,2,1,,,,,
CO[C@H]1C=CO[C@@]2(C)Oc3c(c(c4c(c3C2=O)C2=NC3(CCN(CC3)CC(C)C)NC2=C(NC(=O)C(=CC=C[C@H](C)[C@H](O)[C@@H](C)[C@@H](O)[C@@H](C)[C@H](OC(C)=O)[C@@H]1C)C)C4=O)O)C RIFABUTIN,135458645,847,14,5,4.7,0,209,5,0,,,,,
CN1CC(=O)N=C1NC(=O)Nc1cccc(c1)Cl,135497698,266.68,2,2,1.2,0,73.8,1,1,,,,,
CC[C@H](C(=O)NC/C=C/C=C(\C)/[C@@H](OC)[C@@H](C)C1O[C@H](/C=C/C=C/C=C(\C)/C(=O)C2=C(O)C=CN(C)C2=O)[C@H](O)[C@@H]1O)[C@@]1(O)O[C@@H](/C=C/C=C\C)C(C)(C)[C@@H](O[C@@H]2O[C@H](C)[C@@H](O[C@@H]3O[C@@H](C)[C@H](OC)[C@@H](O)[C@H]3OC)[C@@H](OC)[C@H]2O)[C@H]1O EFROTOMYCIN,135514757,1145.3,20,8,3.4,0,300,24,0,,,,,
CO[C@H]1C=CO[C@@]2(C)Oc3c(c(c4c(c(c(c(c4c3C2=O)O)/C=N/N2CCN(C)CC2)NC(=O)C(=CC=C[C@H](C)[C@H](O)[C@@H](C)[C@@H](O)[C@@H](C)[C@H](OC(C)=O)[C@@H]1C)C)O)O)C,155293246,822.9,15,6,4.9,0,220,5,0,,,,,
CO[C@H]1C=CO[C@@]2(C)Oc3c(c(c4c(c(c(c(c4c3C2=O)O)/C=N/N2CCN(CC2)C2CCCC2)NC(=O)C(=CC=C[C@H](C)[C@H](O)[C@@H](C)[C@@H](O)[C@@H](C)[C@H](OC(C)=O)[C@@H]1C)C)O)O)C RIFAPENTINE,155293383,877,15,6,6.7,0,220,6,0,,,,,
